,Renda_anual,Idade,Gastos_Frutas,Gastos_carne,Gastos_peixe,Gastos_doce,Gastos_ouro,Compras_desconto,Compras_site_empresa,Compras_catalago,Compras_lojas,N_visitas_site_empresa,cluster
0,58138.0,63,88,546,172,88,88,3,8,10,4,7,2.0
1,46344.0,66,1,6,2,1,6,2,1,1,2,5,0.0
2,71613.0,55,49,127,111,21,42,1,8,2,10,4,1.0
3,26646.0,36,4,20,10,3,5,2,2,0,4,6,3.0
4,58293.0,39,43,118,46,27,15,5,5,3,6,5,2.0
5,62513.0,53,42,98,0,42,14,2,6,4,10,6,2.0
6,55635.0,49,65,164,50,49,27,4,7,3,7,6,2.0
7,33454.0,35,10,56,3,1,23,2,4,0,4,8,0.0
8,30351.0,46,0,24,3,3,2,1,3,0,2,9,3.0
9,5648.0,70,0,6,1,1,13,1,1,0,0,20,3.0
10,7500.0,44,16,11,11,1,16,1,2,0,3,8,3.0
11,63033.0,61,61,480,225,112,30,1,3,4,8,2,2.0
12,59354.0,68,2,53,3,5,14,3,6,1,5,6,2.0
13,17323.0,33,14,17,6,1,5,1,1,0,3,8,3.0
15,41850.0,40,5,19,2,13,4,3,3,0,3,8,1.0
17,76995.0,71,80,498,0,16,176,2,11,4,9,5,0.0
18,33812.0,35,17,19,30,24,39,2,2,1,3,6,3.0
19,37040.0,38,2,73,69,38,48,1,4,2,5,8,2.0
20,2447.0,41,1,1725,1,1,1,15,0,28,0,1,3.0
21,58607.0,71,0,86,0,0,19,3,2,3,9,8,2.0
24,18589.0,51,4,25,15,12,13,2,2,1,3,7,0.0
25,53359.0,44,4,30,3,6,41,4,5,1,4,7,2.0
26,38360.0,31,2,42,20,21,10,2,2,1,4,3,0.0
30,40548.0,50,0,5,2,0,3,2,2,1,4,5,3.0
31,46610.0,68,12,96,33,22,43,6,4,1,6,6,3.0
32,68657.0,74,34,471,119,68,22,1,3,5,9,7,1.0
33,49389.0,69,0,19,2,1,3,1,2,0,3,7,3.0
34,67353.0,50,17,151,0,8,35,5,5,6,12,2,0.0
35,23718.0,44,3,14,15,7,36,3,3,1,2,7,1.0
38,80011.0,40,76,536,82,178,102,2,8,6,5,4,0.0
39,20559.0,35,1,29,3,0,7,2,2,0,3,8,1.0
41,7500.0,45,1,10,3,2,12,3,2,0,3,5,1.0
42,79941.0,44,164,266,227,30,174,1,2,4,9,1,3.0
43,7500.0,24,18,14,15,22,50,3,3,1,3,9,2.0
44,41728.0,52,6,15,3,5,13,1,2,0,2,10,2.0
45,72550.0,66,50,317,50,38,38,9,5,2,12,8,2.0
46,65486.0,63,19,125,37,67,14,1,4,2,10,2,2.0
47,79143.0,56,37,780,27,167,32,1,6,9,13,3,1.0
48,35790.0,43,6,20,30,1,3,2,2,0,3,7,3.0
49,82582.0,43,120,550,156,40,241,1,4,9,7,1,0.0
51,82384.0,65,51,432,180,120,190,1,3,10,13,1,1.0
52,70287.0,54,35,482,121,120,40,1,5,5,10,3,1.0
53,27938.0,32,0,8,2,1,5,1,1,0,4,3,2.0
54,55954.0,52,0,28,0,0,43,3,8,2,6,7,2.0
56,66653.0,45,18,102,16,18,6,4,4,2,12,3,3.0
57,61823.0,68,7,134,37,14,169,4,8,2,10,7,0.0
58,67680.0,69,0,48,0,6,6,1,7,3,8,5,1.0
59,70666.0,72,40,367,119,122,30,1,7,4,4,4,1.0
60,25721.0,49,3,6,3,6,15,1,1,1,2,7,3.0
61,32474.0,53,0,1,0,0,0,1,1,0,2,7,2.0
62,88194.0,41,14,309,201,24,38,1,11,10,10,5,3.0
63,69096.0,62,49,159,7,82,109,1,5,2,10,4,3.0
64,74854.0,50,59,487,58,29,73,7,2,5,5,5,1.0
65,66991.0,66,36,460,189,60,12,3,4,8,6,3,3.0
66,65031.0,61,107,291,84,37,86,4,10,3,13,7,0.0
67,60631.0,45,6,65,0,6,19,5,9,2,8,7,2.0
68,28332.0,68,10,13,4,15,9,1,2,1,4,2,2.0
69,40246.0,43,1,6,2,1,1,1,1,0,2,6,0.0
70,75251.0,48,111,925,97,18,18,1,7,6,5,5,3.0
71,75825.0,44,105,779,137,105,51,0,5,8,9,4,0.0
72,26326.0,44,0,5,0,3,9,1,0,0,3,3,2.0
73,56046.0,55,0,64,0,0,51,2,10,1,8,8,0.0
75,26304.0,51,1,5,2,0,4,1,1,0,2,7,1.0
76,23559.0,47,5,19,7,0,23,3,3,0,3,7,2.0
78,81361.0,33,23,424,27,65,76,1,3,10,13,1,0.0
79,29440.0,60,8,14,10,4,3,2,1,0,4,7,2.0
80,36138.0,50,0,16,0,0,5,5,3,1,4,7,0.0
81,50388.0,63,6,37,0,3,34,4,6,1,6,7,1.0
83,54178.0,53,9,39,4,0,7,1,2,2,5,2,2.0
84,42394.0,48,2,10,0,1,4,1,1,0,3,7,1.0
85,23626.0,50,2,14,0,0,0,3,3,1,3,5,0.0
87,47916.0,60,0,26,0,0,75,5,7,4,6,6,1.0
88,51813.0,48,2,7,0,1,2,2,2,0,3,7,0.0
91,47823.0,60,1,5,2,1,10,2,2,0,3,8,0.0
92,34554.0,61,1,6,2,0,5,2,2,0,3,6,3.0
93,85693.0,41,172,183,185,132,111,2,9,5,11,5,1.0
94,65846.0,75,81,276,80,40,81,1,6,3,6,4,1.0
95,87195.0,61,76,690,50,26,38,1,3,11,5,1,1.0
97,49096.0,56,1,32,2,1,7,4,4,1,4,7,1.0
98,52413.0,51,106,271,75,98,65,4,6,4,12,6,2.0
99,38557.0,42,3,31,4,4,27,2,3,1,3,7,2.0
100,89058.0,60,194,106,31,22,43,1,5,4,4,2,1.0
102,68126.0,29,17,311,23,51,86,1,7,4,5,9,2.0
103,57288.0,57,0,21,0,0,60,3,8,1,8,6,3.0
104,86037.0,29,44,125,29,20,22,1,6,7,11,3,0.0
105,43974.0,40,0,101,0,0,72,5,6,4,6,7,0.0
106,50785.0,58,1,21,0,1,27,2,2,1,3,6,0.0
107,90765.0,50,99,812,151,82,33,0,4,6,5,1,1.0
108,36550.0,42,90,94,123,103,120,5,9,1,5,9,2.0
109,30753.0,53,5,25,0,9,30,2,1,1,3,5,1.0
110,21918.0,51,6,7,11,5,3,2,2,0,3,6,2.0
112,32557.0,53,3,29,0,4,10,3,2,1,3,5,2.0
113,19510.0,35,0,7,3,4,7,2,1,0,3,7,3.0
115,101970.0,37,27,102,44,72,168,0,6,8,13,2,0.0
116,71488.0,55,33,124,40,28,172,2,3,4,7,1,2.0
117,79607.0,36,133,951,173,0,216,1,3,6,6,1,2.0
118,54348.0,67,0,16,0,0,4,2,2,0,4,6,0.0
119,77376.0,64,19,110,16,12,12,4,6,3,10,4,2.0
120,62998.0,68,58,73,65,89,58,5,5,4,5,5,1.0
121,61331.0,62,5,47,0,5,41,5,11,1,6,8,2.0
122,73448.0,51,106,189,23,41,130,1,7,2,9,4,2.0
123,41551.0,56,0,33,3,0,23,5,5,1,5,8,2.0
124,62981.0,53,14,590,38,44,0,1,4,5,13,3,1.0
125,9548.0,44,1,3,10,6,9,2,1,0,3,8,3.0
126,33762.0,61,1,34,2,0,16,3,2,2,2,8,1.0
127,35860.0,47,0,8,4,2,20,2,1,1,2,5,3.0
128,36921.0,55,1,12,3,1,4,2,2,0,3,7,1.0
129,92859.0,28,61,921,52,61,20,1,5,4,12,2,0.0
130,65104.0,44,0,232,13,20,50,2,3,5,7,7,2.0
131,86111.0,58,28,756,36,40,126,1,5,7,10,2,2.0
132,68352.0,46,16,132,43,33,33,3,8,5,9,6,2.0
133,41883.0,32,34,41,73,16,116,3,4,2,3,7,0.0
134,59809.0,44,16,141,32,41,49,3,3,3,6,8,3.0
135,23957.0,45,1,18,20,11,16,1,2,0,3,6,2.0
136,38547.0,39,1,10,0,1,4,1,1,0,2,8,2.0
138,49605.0,54,16,29,12,20,8,1,2,1,4,3,1.0
139,59354.0,67,21,78,39,13,13,1,4,4,7,3,1.0
140,65747.0,51,17,48,23,13,13,4,8,1,6,6,0.0
141,46344.0,48,20,57,8,20,91,4,7,1,5,7,0.0
143,61010.0,68,0,57,0,0,76,2,8,5,11,5,3.0
144,69372.0,71,26,269,34,13,42,1,10,4,6,4,3.0
145,49967.0,62,6,69,4,12,3,3,6,1,5,7,3.0
146,60199.0,42,1,7,2,0,0,1,0,0,3,4,0.0
147,55375.0,43,11,57,10,28,14,1,1,1,6,2,1.0
148,80317.0,65,11,387,149,91,57,1,3,4,10,1,2.0
149,30523.0,62,0,3,0,0,5,1,1,0,2,7,0.0
150,70356.0,75,16,249,43,16,33,2,10,6,9,6,2.0
151,23228.0,36,3,49,7,4,5,4,3,0,4,8,3.0
152,74165.0,45,12,240,16,12,12,1,5,4,10,2,1.0
153,43482.0,54,1,32,6,3,28,3,2,0,4,6,1.0
154,62551.0,67,16,98,134,21,27,1,6,7,4,3,1.0
155,52332.0,61,5,33,7,0,2,1,3,2,6,4,0.0
156,66951.0,32,162,305,173,76,124,1,3,4,7,1,1.0
158,33456.0,55,3,10,8,1,7,2,1,0,3,7,1.0
159,28718.0,38,4,6,11,8,16,2,2,0,3,8,0.0
160,50447.0,50,7,24,2,3,27,1,3,1,3,6,3.0
161,53537.0,61,0,6,0,0,6,2,2,1,3,5,3.0
162,52074.0,53,0,12,0,0,48,1,2,2,2,4,0.0
163,80427.0,45,71,449,69,71,26,1,11,8,8,5,2.0
164,83837.0,72,66,119,86,89,111,1,9,10,5,4,0.0
165,38853.0,50,0,14,0,0,2,2,2,0,3,7,1.0
166,38285.0,61,0,5,2,0,1,1,0,0,3,2,0.0
168,51650.0,44,3,22,2,5,7,1,4,1,4,5,1.0
169,16248.0,32,11,10,3,12,9,3,2,1,3,6,0.0
171,30477.0,36,1,6,0,0,12,1,1,1,3,6,1.0
173,25271.0,37,1,18,10,4,7,1,1,1,2,9,1.0
174,32303.0,50,0,2,0,0,2,2,1,0,4,5,0.0
176,74068.0,44,30,537,140,76,15,1,4,10,9,2,1.0
179,66973.0,31,22,432,147,113,102,1,8,7,12,3,0.0
180,38872.0,32,3,21,3,19,22,2,3,0,3,8,2.0
181,51148.0,47,6,45,8,9,12,4,5,1,6,6,1.0
182,31353.0,43,0,10,3,1,7,2,1,1,2,8,0.0
183,69661.0,40,16,106,32,16,8,1,7,3,12,3,1.0
184,80067.0,66,17,813,27,173,51,1,4,6,6,2,0.0
185,86718.0,66,189,482,50,33,172,1,5,6,5,2,3.0
186,46854.0,47,1,79,7,1,79,6,5,1,3,8,2.0
187,69142.0,68,4,34,6,4,39,3,8,1,7,5,3.0
188,75922.0,52,138,553,224,23,92,1,4,4,9,1,3.0
190,102160.0,43,29,138,76,176,58,0,7,9,10,4,3.0
191,40637.0,55,0,13,0,0,3,2,1,0,3,7,1.0
192,18890.0,36,4,1,7,2,15,1,0,1,2,6,2.0
193,29604.0,32,6,13,7,6,14,1,1,0,3,9,1.0
194,48721.0,57,18,113,47,13,21,6,4,2,5,6,2.0
196,64497.0,66,48,320,42,32,192,5,11,4,9,8,1.0
197,46097.0,64,24,68,65,4,8,5,3,1,6,4,2.0
198,77972.0,66,22,319,33,102,12,1,4,6,9,1,3.0
199,44377.0,52,0,30,0,0,10,8,5,1,5,8,3.0
200,46014.0,46,0,59,19,9,44,10,7,1,8,7,1.0
201,70951.0,35,10,554,254,87,54,1,3,4,9,1,1.0
202,41443.0,43,7,171,25,19,89,6,8,1,5,8,3.0
203,52195.0,42,0,4,0,0,1,1,1,0,2,8,2.0
204,83790.0,72,16,417,42,48,16,1,8,10,6,3,0.0
205,44551.0,66,4,33,0,0,66,2,4,1,5,7,0.0
206,69508.0,40,32,162,42,32,43,2,11,4,11,6,1.0
207,45204.0,32,11,25,29,1,18,1,1,1,4,3,0.0
208,72460.0,51,10,540,80,30,10,1,3,5,7,1,0.0
209,77622.0,50,7,154,19,0,14,2,6,3,11,3,0.0
210,30732.0,40,1,25,0,1,3,4,4,1,4,8,0.0
211,63887.0,58,23,207,15,11,92,5,9,6,12,6,1.0
212,42011.0,42,0,16,2,1,39,4,3,1,4,8,3.0
214,51537.0,68,20,204,0,0,92,3,2,2,11,8,0.0
215,79930.0,48,86,740,67,51,17,1,3,5,8,2,2.0
216,34320.0,34,1,9,3,0,0,1,1,0,2,8,3.0
218,81975.0,58,76,184,180,138,27,1,6,3,4,7,2.0
219,38590.0,49,1,8,4,3,3,1,1,0,2,8,2.0
220,15033.0,69,4,5,6,0,4,1,1,0,3,3,1.0
221,62745.0,55,21,464,28,10,32,3,7,8,11,5,1.0
222,22212.0,45,9,20,6,8,21,2,2,0,4,6,3.0
223,23661.0,38,0,4,0,0,1,1,1,0,3,7,2.0
224,79761.0,62,5,124,15,35,11,1,5,2,11,3,0.0
225,7500.0,47,3,10,12,7,20,4,3,1,3,7,3.0
226,73455.0,52,61,757,186,163,20,1,6,5,10,3,1.0
227,64961.0,62,114,276,75,124,38,2,6,4,4,3,2.0
229,73687.0,30,153,503,218,13,181,1,3,9,9,2,0.0
230,61074.0,62,0,133,0,28,152,7,11,5,8,7,0.0
231,31686.0,56,0,5,0,0,1,2,1,0,3,6,1.0
233,75027.0,67,64,179,133,12,77,2,9,4,6,5,2.0
235,65176.0,51,28,183,220,70,70,4,9,6,6,6,2.0
236,31160.0,45,3,25,6,1,13,2,2,0,3,8,2.0
237,29938.0,35,3,7,0,2,11,2,1,0,3,6,0.0
238,102692.0,46,148,444,32,172,148,1,6,9,13,2,2.0
240,75702.0,53,28,353,45,42,30,5,4,6,11,8,0.0
241,30899.0,46,0,8,0,0,1,2,1,0,3,6,3.0
242,63342.0,59,21,118,13,10,21,3,8,3,5,6,1.0
243,45989.0,56,33,87,28,24,12,4,3,2,7,3,3.0
245,40737.0,63,0,4,0,0,2,1,1,0,2,8,2.0
247,69674.0,52,41,215,11,0,24,3,10,2,10,5,3.0
248,44159.0,50,2,62,24,13,7,4,4,1,6,5,1.0
250,43776.0,68,2,71,3,2,20,6,5,2,4,8,3.0
251,38179.0,54,4,22,4,2,20,4,3,1,3,7,2.0
253,38097.0,50,2,35,0,1,69,4,3,2,2,7,2.0
254,72940.0,50,74,298,162,149,116,1,3,3,6,1,0.0
255,22070.0,50,7,19,8,2,21,2,2,2,2,6,2.0
256,69267.0,67,44,499,95,73,146,2,3,4,5,7,0.0
257,31788.0,37,7,23,0,8,6,3,3,0,4,5,2.0
258,61905.0,45,0,43,6,2,13,2,4,2,4,5,3.0
259,29315.0,60,2,14,8,7,4,4,2,0,4,6,3.0
260,33378.0,57,6,40,3,7,10,3,2,0,4,7,2.0
261,66313.0,57,7,99,10,22,7,2,6,3,12,4,3.0
262,60714.0,64,162,224,101,92,162,2,7,4,10,5,3.0
263,77882.0,39,129,396,188,22,15,1,3,3,5,1,2.0
264,69867.0,34,0,512,33,130,54,1,3,5,8,1,3.0
266,24480.0,39,19,9,28,25,17,3,3,0,4,7,1.0
269,65640.0,46,7,149,20,15,66,1,5,1,8,2,0.0
270,44319.0,45,0,8,0,0,3,2,2,0,3,5,3.0
271,30631.0,46,6,20,4,5,20,1,3,1,2,7,1.0
272,75278.0,68,98,230,150,74,74,1,6,3,13,3,0.0
273,50898.0,64,28,242,55,114,135,13,6,2,12,5,1.0
274,79946.0,54,183,565,166,141,28,1,5,11,5,3,0.0
275,35416.0,71,3,81,4,3,51,3,7,1,5,8,1.0
276,32414.0,36,6,5,0,9,12,1,1,0,3,7,1.0
278,82497.0,40,129,573,216,21,203,1,2,7,9,4,2.0
279,16626.0,49,3,22,21,1,13,3,3,0,3,9,0.0
281,55951.0,68,0,80,0,13,40,3,3,6,11,8,2.0
282,35388.0,32,4,7,4,3,8,1,1,0,3,7,2.0
284,68627.0,38,15,263,60,54,38,1,2,3,6,1,2.0
285,57912.0,55,0,80,0,0,35,5,8,3,12,5,3.0
286,35246.0,62,0,12,2,2,10,4,3,1,3,5,2.0
287,58821.0,64,14,154,19,0,28,1,9,2,9,6,2.0
288,46377.0,42,0,46,4,3,0,1,2,1,3,4,1.0
289,39747.0,32,15,93,20,13,52,3,5,1,4,8,0.0
290,23976.0,36,1,21,2,3,25,3,3,1,3,7,1.0
291,80950.0,59,147,112,219,147,63,1,6,7,9,2,0.0
292,27038.0,54,26,25,17,23,15,1,3,0,3,9,0.0
293,77457.0,73,11,400,15,45,11,1,2,5,10,1,3.0
294,64100.0,56,0,27,0,0,10,1,8,3,6,7,0.0
295,42670.0,28,2,46,20,4,15,1,4,2,4,4,3.0
296,12571.0,44,5,14,2,12,17,4,3,1,3,6,2.0
298,70893.0,44,44,561,77,44,14,1,6,6,10,3,0.0
299,54198.0,54,0,28,3,2,17,6,3,1,6,4,3.0
300,28839.0,64,0,7,0,0,1,2,2,0,3,5,0.0
302,66503.0,35,64,128,65,3,50,2,4,3,6,3,0.0
303,30833.0,69,0,7,3,1,6,2,1,0,3,5,0.0
304,64795.0,49,5,119,38,29,77,3,3,3,12,2,1.0
306,47025.0,55,0,3,0,0,1,1,1,0,2,7,2.0
307,64325.0,59,60,353,78,12,73,5,10,3,5,7,1.0
308,40464.0,67,17,118,7,23,41,6,8,2,8,8,0.0
309,62187.0,63,0,275,45,45,126,1,4,8,5,3,3.0
310,14849.0,44,2,28,3,2,9,3,2,0,4,8,3.0
311,27255.0,36,1,11,0,1,2,1,1,0,3,7,3.0
312,54432.0,70,0,5,0,0,0,1,1,0,3,4,3.0
313,29999.0,34,7,59,10,5,11,4,3,1,4,8,1.0
314,24072.0,37,1,6,3,0,4,1,1,0,2,8,0.0
316,66334.0,64,11,218,0,0,23,2,9,3,5,5,2.0
318,22010.0,37,2,9,3,0,8,2,2,0,3,8,3.0
319,62204.0,60,46,247,151,46,139,1,4,5,12,3,2.0
320,75693.0,52,153,293,72,97,30,1,11,4,6,4,3.0
321,30675.0,48,2,16,11,2,21,1,1,0,3,8,2.0
322,83003.0,55,61,570,40,25,122,1,7,6,8,3,3.0
324,41411.0,34,32,38,11,3,18,1,2,1,4,6,2.0
327,27190.0,47,6,7,0,1,3,1,1,0,2,8,1.0
328,82623.0,68,34,204,172,153,173,1,2,9,4,1,3.0
329,44300.0,55,0,9,0,0,3,2,1,0,3,6,1.0
330,84835.0,50,104,379,111,189,218,1,4,4,6,1,1.0
332,33181.0,44,0,3,0,0,4,1,1,0,2,6,3.0
333,71113.0,63,33,255,11,33,8,4,6,7,9,4,1.0
335,69759.0,54,20,514,13,30,0,3,4,6,5,3,0.0
336,72099.0,46,91,410,119,0,22,1,3,4,10,1,1.0
337,60000.0,44,0,217,0,0,12,5,11,3,5,6,1.0
338,38643.0,42,2,14,0,1,10,2,2,0,3,7,3.0
339,50737.0,65,0,11,0,0,10,1,2,0,4,6,2.0
340,68462.0,51,64,785,84,128,48,1,3,3,8,1,1.0
341,65073.0,77,17,177,69,0,8,1,5,3,5,2,0.0
343,78618.0,63,163,818,212,163,61,1,4,7,10,2,1.0
344,62187.0,51,0,83,0,0,41,3,6,2,10,4,3.0
345,28442.0,42,3,10,11,8,6,3,2,1,4,4,2.0
347,51479.0,53,8,160,6,8,65,7,6,3,6,7,0.0
348,54803.0,51,0,92,28,27,142,2,6,2,9,4,3.0
349,79530.0,60,0,815,129,42,29,1,4,10,11,2,2.0
350,31615.0,44,3,20,6,11,9,2,2,0,3,7,3.0
351,72025.0,58,33,549,151,133,233,1,4,3,8,3,3.0
353,35684.0,36,4,7,0,6,3,1,1,0,3,6,1.0
354,48178.0,45,4,45,6,2,38,6,5,1,4,8,3.0
355,29548.0,50,1,6,3,1,11,1,1,1,2,4,2.0
357,38578.0,48,4,22,3,3,3,3,3,0,3,8,0.0
359,22585.0,50,9,15,13,2,39,1,1,1,2,9,2.0
361,66426.0,59,24,97,32,24,157,2,3,5,10,6,1.0
362,30822.0,51,9,13,2,12,12,1,1,0,3,7,0.0
363,33581.0,51,0,5,0,0,1,1,1,0,2,8,2.0
365,27421.0,66,12,96,78,40,55,3,4,1,6,7,1.0
367,36143.0,39,0,1,0,0,6,1,0,1,2,3,0.0
368,10245.0,49,7,7,6,4,13,3,1,2,2,5,2.0
369,43795.0,52,11,53,4,3,107,3,7,3,4,7,1.0
371,38823.0,71,0,11,2,8,23,1,2,1,3,6,2.0
372,83664.0,52,21,151,28,21,86,3,2,2,12,5,0.0
373,90300.0,41,134,786,33,134,57,0,5,6,8,1,2.0
374,62499.0,41,4,61,0,13,4,2,3,1,6,4,0.0
377,70777.0,52,35,113,0,7,78,3,5,3,12,3,3.0
379,43824.0,49,1,42,12,3,32,4,3,1,4,8,0.0
380,15345.0,36,2,16,3,2,19,2,1,1,2,8,2.0
381,23442.0,33,0,6,8,6,5,1,1,0,3,7,2.0
382,14515.0,40,4,9,6,36,35,4,2,2,3,7,0.0
383,31395.0,64,1,25,0,8,7,4,2,1,3,6,0.0
384,75276.0,55,105,125,137,42,21,1,9,4,9,5,0.0
385,42373.0,46,5,61,3,8,19,5,2,1,5,5,0.0
386,30507.0,60,36,74,38,20,110,1,5,1,4,7,0.0
387,55521.0,65,0,26,0,0,4,9,6,3,6,7,1.0
388,48006.0,55,0,11,3,2,2,1,1,0,3,6,1.0
389,27213.0,48,3,26,10,9,3,3,2,0,4,8,2.0
390,65808.0,49,7,80,13,7,10,3,5,1,5,6,2.0
391,30351.0,46,0,24,3,3,2,1,3,0,2,9,3.0
392,50437.0,57,9,92,6,9,4,3,7,1,8,7,3.0
393,23616.0,38,22,11,3,7,32,2,3,0,3,8,1.0
394,53858.0,44,53,221,58,150,26,4,4,3,6,4,0.0
395,66465.0,65,0,204,38,29,14,3,11,9,12,6,1.0
396,46923.0,33,44,54,102,78,6,3,5,1,7,7,2.0
397,75072.0,58,34,309,0,22,125,2,5,4,8,3,2.0
398,75865.0,77,0,591,156,0,12,1,3,5,10,1,2.0
399,19789.0,45,5,9,28,6,28,3,2,1,3,5,2.0
400,80134.0,26,26,282,52,26,26,1,2,7,11,5,1.0
401,91065.0,39,114,108,179,137,114,1,7,9,9,3,2.0
402,49505.0,49,0,100,19,0,28,9,10,2,8,8,3.0
405,18492.0,38,2,2,2,1,1,1,1,0,2,8,2.0
406,82584.0,46,68,103,29,91,68,1,3,4,8,1,2.0
407,93027.0,79,42,716,55,0,21,0,7,10,5,2,2.0
408,48686.0,67,0,7,2,0,1,1,1,0,2,8,2.0
409,92910.0,34,137,792,179,103,33,1,6,7,13,1,0.0
410,75433.0,31,0,297,0,34,57,2,2,5,10,6,2.0
411,10404.0,31,2,11,10,6,12,2,1,0,4,5,0.0
412,61314.0,52,0,189,97,172,172,2,5,5,12,3,1.0
413,84865.0,59,16,349,43,16,16,1,2,4,9,4,0.0
414,42387.0,31,0,235,19,4,191,5,8,1,7,8,1.0
415,67309.0,53,47,181,149,95,95,15,9,6,9,7,0.0
416,75236.0,56,66,400,12,38,114,1,8,3,13,4,3.0
417,30015.0,50,0,22,2,3,5,2,1,0,4,5,1.0
419,67272.0,54,35,271,28,28,14,3,6,2,12,5,1.0
420,51529.0,71,4,35,6,0,22,2,9,1,5,8,0.0
421,32011.0,49,0,15,2,1,5,3,2,1,4,7,1.0
422,7500.0,34,11,5,4,6,9,2,2,0,3,8,3.0
424,56223.0,72,28,31,16,0,4,2,2,1,5,4,1.0
425,18100.0,74,1,2,4,3,1,1,0,0,3,5,2.0
428,23295.0,61,0,1,2,12,5,1,1,0,2,8,0.0
429,42618.0,48,14,74,13,5,10,2,5,0,4,8,1.0
430,81246.0,56,190,537,61,156,37,1,4,5,7,1,2.0
431,24027.0,44,7,11,11,0,5,2,2,0,3,8,2.0
432,55707.0,67,7,82,30,66,35,2,3,2,9,3,3.0
433,57959.0,65,16,322,43,24,33,5,4,7,11,3,0.0
435,36230.0,49,2,30,8,2,3,1,2,0,4,5,2.0
436,70829.0,40,70,106,72,19,23,2,4,2,8,3,3.0
437,65991.0,44,19,364,25,47,9,3,9,5,10,7,3.0
438,38988.0,48,24,103,12,3,42,7,5,1,6,8,0.0
439,89572.0,54,24,974,197,194,64,1,7,7,9,4,0.0
440,42207.0,36,11,72,3,17,46,4,4,1,5,6,2.0
441,50300.0,68,15,60,24,23,5,2,2,1,8,2,3.0
443,60597.0,56,0,257,32,16,66,4,2,2,8,7,0.0
444,70165.0,71,0,253,199,191,122,1,3,7,11,1,3.0
445,50520.0,62,0,6,2,1,14,2,3,1,3,6,3.0
447,33183.0,45,5,39,17,15,37,2,4,0,3,7,3.0
448,66582.0,51,25,420,16,38,0,1,2,8,9,1,2.0
449,75261.0,65,17,413,23,34,17,1,5,6,5,2,1.0
450,31880.0,50,1,5,2,0,3,1,1,0,2,8,0.0
451,53790.0,69,42,127,28,5,5,3,7,2,8,6,2.0
452,49269.0,49,8,166,11,8,58,3,7,3,12,7,1.0
453,61456.0,45,76,384,84,192,89,4,6,10,13,4,1.0
454,37406.0,40,0,8,2,2,3,1,1,0,2,8,1.0
455,56937.0,39,8,125,11,8,8,7,8,6,9,6,0.0
456,38415.0,42,1,13,4,0,4,2,1,0,3,7,2.0
457,20518.0,32,1,6,4,1,9,1,1,1,2,5,2.0
458,62503.0,64,0,193,110,75,117,4,8,3,11,5,3.0
459,41644.0,48,3,4,2,0,2,2,1,0,3,3,0.0
460,55842.0,43,0,39,0,4,24,1,7,1,8,5,0.0
461,62010.0,48,22,39,6,0,92,4,6,2,7,5,0.0
462,41124.0,43,7,84,15,0,119,7,7,3,4,8,0.0
463,38961.0,47,7,19,0,1,24,1,2,1,2,7,2.0
464,37760.0,48,3,13,2,10,0,1,2,0,3,6,0.0
465,32233.0,46,15,35,25,11,72,2,6,2,2,9,2.0
466,43057.0,45,2,44,0,2,5,4,4,2,5,5,2.0
467,83151.0,60,28,100,120,74,18,1,5,9,4,3,3.0
468,78825.0,56,74,114,169,37,18,1,5,10,13,3,0.0
469,65104.0,44,0,232,13,20,50,2,3,5,7,7,2.0
470,60093.0,46,12,109,16,6,90,2,7,2,10,6,0.0
471,14045.0,51,0,5,2,1,1,1,1,0,3,7,0.0
472,28457.0,68,1,108,29,29,14,1,4,1,4,8,3.0
473,78952.0,62,19,594,99,76,134,2,2,5,12,6,0.0
474,46310.0,44,2,88,15,5,14,2,6,1,5,8,3.0
475,76005.0,65,20,389,240,50,40,1,3,5,13,6,1.0
476,58308.0,56,0,69,10,0,130,4,2,6,3,8,2.0
477,55614.0,76,13,131,8,0,26,1,9,4,6,7,2.0
478,59432.0,58,25,265,25,19,12,3,5,3,11,5,3.0
479,55563.0,42,1,9,2,0,2,1,2,0,3,3,0.0
480,78642.0,49,0,322,46,35,17,1,4,9,4,6,1.0
482,65275.0,76,14,218,91,14,21,1,4,3,13,2,0.0
483,27203.0,70,2,21,4,0,24,2,1,1,2,8,2.0
484,48330.0,59,0,4,0,0,0,1,1,0,3,5,3.0
485,24279.0,30,36,21,20,62,108,1,4,1,3,8,3.0
486,64355.0,35,0,140,67,38,153,2,4,3,12,8,0.0
488,53653.0,67,10,239,28,10,108,2,10,4,12,6,3.0
489,65665.0,44,162,387,106,36,29,1,5,10,8,3,3.0
492,61250.0,61,138,65,60,26,59,6,5,2,12,5,0.0
493,39665.0,39,1,56,0,1,31,3,4,2,3,7,3.0
494,60152.0,41,83,300,86,58,91,1,6,4,12,3,3.0
495,48920.0,56,17,68,8,10,6,3,6,2,5,7,3.0
496,89120.0,61,92,408,72,129,55,1,5,6,7,1,1.0
497,44124.0,74,0,55,0,6,52,4,6,2,5,8,3.0
498,81169.0,45,20,613,80,61,27,1,5,7,9,2,0.0
499,36443.0,59,0,46,4,3,20,4,3,1,3,8,3.0
500,26095.0,30,7,9,3,1,11,1,1,0,3,7,0.0
502,80184.0,76,134,670,25,38,0,1,6,3,10,3,2.0
503,30630.0,55,1,12,2,0,10,2,2,0,3,7,3.0
504,73454.0,33,73,351,56,14,175,1,2,4,6,5,2.0
505,42691.0,29,2,64,38,17,58,1,5,1,6,5,0.0
506,70503.0,67,33,216,0,33,66,1,2,4,9,6,1.0
507,25545.0,33,1,64,16,12,85,3,2,2,3,6,0.0
508,32880.0,34,4,15,7,6,2,1,1,0,3,8,3.0
509,77863.0,62,38,319,16,25,12,1,4,5,10,2,1.0
510,50353.0,43,15,153,67,31,35,1,4,4,6,3,1.0
511,61839.0,56,155,379,224,17,120,1,4,8,4,8,0.0
512,49154.0,60,10,67,30,27,71,6,4,1,8,6,3.0
513,47682.0,45,61,83,97,57,61,4,4,3,8,5,2.0
514,72679.0,51,54,260,127,54,54,1,4,7,5,1,0.0
515,57954.0,43,4,24,0,0,9,7,8,2,6,7,1.0
516,65316.0,58,6,92,3,9,38,2,3,2,5,4,0.0
517,28567.0,38,3,22,2,2,6,2,2,0,3,6,1.0
519,44931.0,53,0,11,0,0,7,1,2,1,3,5,2.0
520,76982.0,53,151,292,65,60,30,1,8,3,4,4,1.0
521,57247.0,68,4,32,37,54,6,2,2,1,7,2,1.0
522,22944.0,39,3,19,4,5,26,3,3,0,3,7,2.0
523,25315.0,43,9,8,11,3,22,3,3,0,3,8,0.0
524,43638.0,51,10,83,7,19,19,2,4,1,4,7,1.0
525,42710.0,36,3,42,4,3,102,2,4,5,3,6,0.0
527,54058.0,44,18,252,32,108,54,2,4,6,8,3,2.0
528,24683.0,30,4,10,6,7,6,2,2,0,4,5,1.0
529,85620.0,56,46,925,60,107,46,1,3,6,4,1,2.0
530,47850.0,40,7,43,20,12,10,1,3,0,4,6,3.0
531,19514.0,52,3,21,2,1,28,4,3,1,2,8,2.0
532,27159.0,47,0,3,0,0,1,2,1,0,3,6,0.0
533,39548.0,57,4,10,3,4,18,2,1,1,3,3,2.0
534,21474.0,31,16,24,11,0,34,2,3,1,2,7,0.0
535,60504.0,49,0,24,6,4,34,2,6,2,8,6,2.0
537,81698.0,71,28,520,111,123,47,1,3,8,13,1,3.0
538,43462.0,68,17,97,15,6,15,6,4,1,5,8,0.0
539,54880.0,42,85,137,102,45,118,2,6,2,11,5,3.0
540,79908.0,38,129,761,29,185,111,1,5,6,7,2,3.0
544,81741.0,40,153,940,58,134,38,0,6,6,7,2,1.0
545,71499.0,49,25,132,136,0,37,2,8,3,13,4,3.0
547,48799.0,57,18,81,28,6,24,3,3,2,7,3,1.0
548,52157.0,70,2,29,3,2,40,2,3,2,5,4,0.0
549,66565.0,58,10,161,65,40,42,4,4,2,9,8,2.0
550,29298.0,69,0,2,2,0,1,1,1,0,2,5,2.0
551,47691.0,41,0,3,0,0,4,1,1,0,2,6,0.0
552,38200.0,50,0,4,0,0,1,1,1,0,2,7,2.0
554,38443.0,52,0,5,0,0,1,2,1,0,3,7,1.0
555,38593.0,42,12,49,17,24,24,3,4,1,3,8,1.0
556,64413.0,50,5,44,0,10,20,1,5,1,5,5,2.0
557,36959.0,39,6,25,6,0,0,2,2,0,3,8,2.0
558,61996.0,43,12,144,0,0,24,3,6,4,8,5,0.0
559,51287.0,52,0,22,13,0,30,3,4,1,3,7,3.0
560,13260.0,50,4,17,10,2,7,4,3,0,3,8,0.0
561,47472.0,54,0,11,0,0,8,2,2,0,4,5,2.0
562,54603.0,64,13,46,17,2,4,6,4,2,4,7,3.0
563,45207.0,46,0,10,0,0,2,5,3,1,6,6,0.0
565,47821.0,53,0,16,6,6,10,1,1,0,3,8,1.0
566,27450.0,69,12,23,8,11,52,1,2,1,3,7,1.0
567,39453.0,37,0,7,0,0,2,2,2,0,3,6,1.0
568,26850.0,49,1,13,7,2,9,4,2,1,4,4,1.0
569,79800.0,65,21,530,32,0,224,1,5,11,5,3,0.0
570,61794.0,59,47,188,54,47,11,2,4,4,10,2,0.0
571,53863.0,65,4,30,6,4,30,3,7,1,7,7,2.0
572,24221.0,61,9,9,2,5,22,1,1,1,3,4,3.0
573,39684.0,36,0,35,6,4,17,2,2,1,2,7,2.0
574,92163.0,45,183,797,106,163,20,0,5,11,5,2,2.0
575,69882.0,55,127,635,132,127,165,1,3,7,9,1,2.0
576,33178.0,43,6,2,11,2,16,1,1,0,3,4,1.0
577,59973.0,48,30,168,20,34,0,1,3,4,7,1,1.0
578,17459.0,45,4,16,3,10,30,3,3,1,2,7,3.0
579,23910.0,51,12,18,7,1,13,1,2,0,3,7,2.0
580,42169.0,51,0,9,0,0,2,2,1,0,3,8,0.0
581,26224.0,42,7,15,13,9,15,3,2,1,3,6,1.0
582,31089.0,39,3,31,2,8,4,3,3,0,4,8,2.0
583,30081.0,59,0,2,0,0,4,1,1,0,3,7,3.0
585,72906.0,65,32,519,71,75,54,1,3,4,9,1,3.0
586,61467.0,72,16,114,0,5,49,3,5,2,10,5,1.0
587,49618.0,54,3,26,4,2,14,4,3,1,3,7,1.0
588,21888.0,34,10,46,2,3,64,4,5,1,2,10,1.0
590,26150.0,64,1,13,3,5,1,1,1,0,3,7,2.0
591,30801.0,45,4,5,15,2,11,2,1,0,3,7,0.0
592,81168.0,55,0,592,147,22,22,1,6,4,7,3,1.0
593,26877.0,51,13,76,20,18,40,2,3,1,6,6,1.0
594,45006.0,76,25,53,16,0,10,1,3,1,7,3,2.0
595,18978.0,47,8,1,4,7,15,1,1,0,3,8,1.0
597,48240.0,51,91,248,64,49,41,3,6,3,13,5,2.0
598,45837.0,46,13,87,17,17,24,5,6,2,5,7,2.0
600,54162.0,42,6,10,6,5,10,1,1,0,3,4,0.0
601,30522.0,60,8,83,19,11,26,5,1,2,9,2,0.0
602,54456.0,59,0,27,10,0,15,3,6,1,7,6,1.0
603,31632.0,49,8,12,11,15,32,1,2,1,2,7,3.0
604,72298.0,71,35,169,58,17,35,1,4,3,6,1,1.0
605,36975.0,42,6,11,0,4,2,1,1,0,3,7,0.0
607,13624.0,44,2,15,2,1,6,2,2,0,3,6,1.0
608,84196.0,45,63,507,231,31,190,1,8,4,7,3,2.0
609,70971.0,60,17,572,93,125,17,7,11,11,5,7,1.0
610,34487.0,43,18,33,24,1,8,3,3,0,3,9,2.0
611,28769.0,43,5,129,10,3,3,3,4,1,4,9,2.0
613,65488.0,62,45,207,36,18,54,1,3,4,6,1,0.0
615,32218.0,60,24,15,13,1,30,1,2,1,3,7,0.0
616,83917.0,47,22,732,42,198,79,1,6,7,7,3,1.0
617,46102.0,58,0,1,0,0,1,1,1,0,2,7,0.0
618,84574.0,68,20,713,38,54,163,1,9,11,11,5,0.0
619,56181.0,58,103,69,8,44,48,1,4,2,7,4,1.0
620,63120.0,70,69,279,54,41,69,5,8,4,9,7,2.0
621,73691.0,49,21,250,85,43,73,2,6,2,8,2,2.0
623,76140.0,72,66,653,17,0,26,1,5,9,6,2,1.0
624,62859.0,61,89,102,16,12,25,4,9,4,6,6,0.0
625,45906.0,56,3,27,4,3,144,2,5,4,4,5,0.0
626,77632.0,73,105,758,0,42,147,1,4,2,6,2,3.0
627,46463.0,49,2,40,8,11,11,7,3,1,6,6,0.0
628,105471.0,50,181,104,202,21,207,0,9,8,13,3,0.0
629,55282.0,50,6,73,8,4,19,1,3,1,6,4,1.0
630,78710.0,43,0,152,119,50,50,3,7,6,12,4,2.0
631,66886.0,62,4,62,41,31,146,2,7,1,7,5,1.0
633,29103.0,35,0,17,6,3,6,2,1,0,3,9,0.0
635,50616.0,70,2,25,0,1,9,1,1,1,4,2,0.0
636,49431.0,65,3,100,26,0,17,2,7,1,5,8,0.0
637,61278.0,67,3,28,2,6,15,2,3,1,4,6,0.0
640,46734.0,54,1,39,6,1,76,4,3,2,3,6,1.0
641,56253.0,57,0,65,7,11,5,4,7,2,9,6,3.0
644,25965.0,40,2,11,41,7,11,1,2,0,3,8,0.0
645,14661.0,64,1,11,6,2,2,1,1,0,3,6,1.0
647,45068.0,46,0,3,0,0,3,1,1,0,2,7,1.0
648,21063.0,33,10,11,19,3,15,2,2,0,3,6,3.0
649,29187.0,52,0,6,0,0,2,1,1,0,3,8,2.0
651,59304.0,56,61,428,80,51,10,3,7,8,10,5,0.0
652,59247.0,58,9,122,19,14,83,5,5,2,9,6,1.0
653,66731.0,50,159,194,58,106,141,4,4,3,6,3,0.0
654,77353.0,40,59,107,69,101,59,2,6,4,8,4,2.0
656,26751.0,46,1,5,0,3,1,1,1,0,2,8,2.0
657,81300.0,57,12,145,32,12,36,3,10,3,5,5,1.0
658,70337.0,41,81,149,25,43,91,1,2,2,12,1,3.0
659,36145.0,35,4,76,17,1,18,4,4,1,3,9,3.0
660,65295.0,40,32,117,34,110,6,1,3,3,13,2,1.0
662,68743.0,53,134,384,175,134,115,1,11,5,13,7,1.0
663,41039.0,38,11,137,179,61,45,1,8,1,5,8,2.0
665,65777.0,53,32,435,28,32,54,1,2,8,6,1,3.0
666,66476.0,44,18,126,47,48,78,2,5,2,11,4,3.0
668,77845.0,31,40,480,0,40,26,1,3,5,12,1,3.0
669,69476.0,51,86,559,63,9,67,1,4,6,4,2,2.0
670,50611.0,60,0,24,6,0,4,6,4,5,7,6,1.0
671,61209.0,50,0,224,119,49,99,1,5,3,4,2,1.0
672,42315.0,62,15,80,17,11,80,3,1,4,4,3,0.0
673,13084.0,68,0,7,3,7,10,1,1,0,3,6,1.0
674,47570.0,71,1,20,0,2,31,3,2,2,2,7,3.0
675,61923.0,59,4,18,3,3,6,1,2,1,4,3,2.0
677,26518.0,71,1,28,3,3,2,3,2,0,3,8,2.0
678,45938.0,59,11,178,62,83,29,2,8,4,6,6,3.0
679,78468.0,60,22,388,104,22,34,1,10,7,10,4,0.0
680,78901.0,47,11,309,33,26,34,3,9,3,5,4,1.0
681,71427.0,42,123,177,15,64,23,2,8,2,8,4,0.0
682,71022.0,42,12,278,0,12,242,3,5,2,11,8,1.0
683,90247.0,32,32,352,21,16,16,1,3,4,7,1,0.0
686,35682.0,50,0,8,6,2,18,1,1,1,3,2,3.0
687,43185.0,69,6,42,16,6,30,2,9,3,6,8,1.0
688,66375.0,72,0,45,0,0,191,3,2,4,5,7,1.0
690,25252.0,34,3,4,2,2,6,1,1,0,2,8,2.0
691,55250.0,55,58,83,32,0,66,4,7,5,10,5,2.0
693,58398.0,67,5,201,21,21,49,3,5,4,8,4,0.0
694,50272.0,38,13,66,43,8,4,3,4,1,5,7,1.0
695,76618.0,45,40,294,121,160,147,1,3,2,5,1,3.0
696,87305.0,60,25,501,63,138,80,1,5,3,8,2,0.0
697,25851.0,42,4,18,7,5,5,2,2,0,3,7,0.0
698,58710.0,50,81,368,0,122,174,6,11,5,9,6,2.0
699,45160.0,62,2,5,3,0,3,1,1,0,2,7,1.0
700,74806.0,55,9,249,0,28,9,2,5,4,5,4,3.0
701,59111.0,66,0,134,28,28,155,1,11,1,8,7,0.0
702,18988.0,36,0,6,2,1,1,2,1,0,3,7,3.0
703,72190.0,55,166,597,172,166,249,1,5,6,4,3,0.0
704,7500.0,44,0,12,13,7,32,5,4,1,2,9,0.0
706,80395.0,65,25,706,80,76,48,1,6,5,12,2,0.0
707,75012.0,44,142,218,164,58,151,1,3,8,11,1,3.0
709,89891.0,29,22,132,59,28,183,1,11,6,8,4,3.0
710,35946.0,71,0,3,0,0,0,1,0,0,3,5,1.0
711,53593.0,67,4,78,6,0,43,8,7,2,6,8,2.0
713,45072.0,72,2,99,7,2,30,5,6,1,4,8,0.0
714,89694.0,47,28,211,37,28,42,3,4,3,4,5,2.0
715,72025.0,71,0,617,43,50,0,1,4,8,13,2,1.0
716,67432.0,47,79,341,177,136,170,2,8,5,4,4,0.0
717,70545.0,68,39,63,55,18,21,1,4,1,7,2,1.0
718,17487.0,31,0,1,7,4,6,1,1,0,2,7,3.0
719,62882.0,51,133,497,78,24,97,2,7,5,6,4,3.0
720,64108.0,67,10,86,13,21,21,4,6,9,11,5,0.0
721,34941.0,64,2,25,4,3,24,2,3,0,3,8,0.0
722,48767.0,70,1,21,3,0,10,3,2,1,3,5,2.0
723,38702.0,42,11,24,13,8,40,2,3,0,4,6,1.0
724,82224.0,56,26,360,138,31,40,1,6,9,5,3,0.0
726,17003.0,45,5,12,4,8,7,3,2,0,4,5,2.0
727,71163.0,25,17,372,138,106,44,1,3,8,12,1,2.0
728,33697.0,50,3,7,0,3,11,1,1,0,2,7,0.0
729,63564.0,66,80,252,15,34,65,1,10,10,7,6,2.0
730,83443.0,48,42,742,55,56,84,1,6,10,5,2,1.0
731,51518.0,62,8,66,17,4,4,2,3,2,10,3,3.0
733,80952.0,51,178,689,41,27,44,1,8,5,11,8,2.0
735,63855.0,42,35,314,93,116,89,1,7,3,13,4,0.0
736,62220.0,48,12,375,16,12,12,5,7,6,5,6,3.0
737,58512.0,56,10,101,13,0,152,5,3,4,8,8,1.0
738,40662.0,41,2,23,0,4,23,2,2,1,3,4,2.0
739,38829.0,61,0,7,0,0,16,1,3,2,2,5,2.0
740,35523.0,39,5,22,12,5,11,2,3,0,3,7,2.0
742,78285.0,32,107,391,175,67,40,1,6,4,10,3,1.0
743,31626.0,42,1,9,2,1,34,1,2,1,2,7,1.0
745,48726.0,65,3,38,4,0,59,3,3,2,4,6,0.0
746,74985.0,43,51,898,247,0,86,1,3,6,7,2,0.0
747,67430.0,33,97,291,127,133,121,1,11,5,12,6,1.0
749,62058.0,64,7,74,10,0,58,4,6,1,7,6,2.0
750,72063.0,41,32,348,76,32,90,2,5,2,12,2,0.0
751,78939.0,69,115,243,150,0,205,1,8,5,6,3,1.0
752,42720.0,55,5,91,28,26,112,8,7,3,7,8,1.0
753,33622.0,48,1,22,3,4,12,3,2,0,4,7,0.0
754,6835.0,63,2,12,2,2,12,0,0,0,1,20,1.0
755,41452.0,67,0,3,0,0,0,1,1,0,2,7,1.0
756,40760.0,55,0,17,0,0,6,2,2,1,3,6,0.0
757,74250.0,62,11,392,75,0,0,1,2,11,4,1,0.0
758,51124.0,65,1,11,0,1,4,2,1,0,3,3,1.0
759,72258.0,49,0,522,227,120,134,2,6,9,5,2,3.0
760,71466.0,46,12,546,78,182,0,1,4,4,10,1,1.0
761,36283.0,44,5,5,8,0,5,2,1,0,3,4,1.0
763,30467.0,48,3,8,2,5,5,1,1,0,2,7,1.0
764,31590.0,48,2,15,6,6,3,1,1,0,3,8,0.0
767,42564.0,52,48,186,39,18,198,6,6,8,4,7,1.0
768,43783.0,42,9,125,25,4,139,6,7,1,8,7,2.0
769,40780.0,44,27,71,13,3,34,4,7,1,5,9,2.0
770,62847.0,75,168,706,80,76,61,1,3,6,4,2,2.0
771,82017.0,63,23,446,30,23,23,1,5,4,7,2,2.0
772,16813.0,70,8,11,12,2,13,1,2,0,3,7,2.0
773,51267.0,42,2,64,7,2,12,4,3,3,5,4,1.0
774,46524.0,59,19,35,26,14,52,2,1,1,5,3,3.0
775,45183.0,58,3,60,12,9,12,1,4,1,7,7,2.0
776,70421.0,66,28,136,75,14,35,3,10,3,7,6,2.0
777,60161.0,55,44,212,46,8,177,3,11,4,8,8,2.0
778,73926.0,47,91,597,159,91,15,1,6,5,12,3,0.0
779,19329.0,52,1,16,12,2,5,3,4,0,3,8,2.0
780,61872.0,50,5,159,36,27,16,4,4,4,9,4,3.0
781,46984.0,64,1,10,2,1,8,1,1,0,3,5,2.0
782,34838.0,69,23,29,29,14,47,3,2,1,4,6,0.0
783,82716.0,76,148,228,15,148,22,1,6,8,13,2,0.0
784,48192.0,62,43,204,153,58,29,3,2,8,12,8,0.0
786,56850.0,49,1,19,2,7,0,1,1,1,3,2,2.0
787,55267.0,63,28,136,32,3,45,4,3,4,6,3,2.0
788,59666.0,48,53,178,23,17,133,7,3,2,8,8,2.0
789,72504.0,48,26,470,123,161,94,2,5,9,6,2,2.0
790,26872.0,39,10,8,3,16,32,1,1,1,2,6,1.0
791,21359.0,48,2,17,6,1,10,2,2,0,3,8,2.0
792,73170.0,45,174,256,50,30,32,1,5,4,6,2,0.0
793,52750.0,65,0,239,90,69,69,6,5,7,9,4,0.0
794,91820.0,34,73,747,76,161,30,0,5,5,12,1,2.0
795,65968.0,50,9,83,19,4,4,2,5,4,7,3,2.0
796,30772.0,44,2,4,2,1,4,1,1,0,2,6,1.0
797,22507.0,66,0,226,51,157,68,3,10,2,4,9,0.0
799,25804.0,42,7,9,13,6,12,2,2,0,3,8,0.0
800,76412.0,40,53,804,23,71,17,1,5,4,8,3,0.0
801,22063.0,48,10,13,3,11,11,2,2,0,3,7,3.0
802,57091.0,59,5,64,7,0,37,1,7,3,7,5,2.0
805,78353.0,61,122,476,39,153,34,1,10,2,11,8,0.0
806,93404.0,66,15,287,20,0,15,3,3,4,7,5,2.0
807,37859.0,58,1,8,2,1,2,2,1,0,3,8,0.0
808,80995.0,62,28,409,73,56,56,1,8,9,4,4,3.0
809,16529.0,36,0,5,13,0,1,1,1,0,3,6,0.0
810,55412.0,44,5,28,11,1,8,1,2,0,3,5,1.0
811,48789.0,28,16,156,7,5,145,1,6,4,7,6,2.0
812,56575.0,53,5,90,0,16,10,3,7,3,7,5,1.0
813,25130.0,40,5,7,0,18,18,2,2,0,3,7,1.0
814,35441.0,53,1,9,2,1,1,2,1,0,3,8,1.0
815,71391.0,64,123,274,46,123,141,5,6,5,12,3,0.0
816,49494.0,48,9,97,0,6,82,2,6,1,5,7,1.0
817,81702.0,40,50,774,28,31,187,1,7,7,12,3,3.0
818,45889.0,40,0,6,0,1,8,1,1,0,3,6,0.0
819,56628.0,43,5,82,7,17,171,2,7,6,5,5,2.0
821,40049.0,46,65,52,10,44,28,3,3,2,6,5,1.0
823,19419.0,39,14,28,16,3,7,4,4,0,3,9,0.0
824,82504.0,60,50,431,134,35,54,1,3,6,7,1,1.0
825,81205.0,50,74,929,97,55,130,1,5,6,7,2,1.0
826,61618.0,29,91,399,0,45,205,2,3,6,8,3,2.0
827,55284.0,64,7,140,0,7,63,3,7,5,8,5,3.0
828,49980.0,57,1,54,13,9,14,2,3,1,5,5,0.0
829,15072.0,40,2,15,0,10,18,4,3,1,3,5,0.0
830,49166.0,46,2,25,7,0,110,2,5,3,3,6,2.0
832,82347.0,63,54,845,202,133,63,1,7,7,10,3,0.0
833,30843.0,54,0,2,0,0,9,2,1,1,2,5,1.0
834,46374.0,46,0,21,0,0,17,3,7,1,7,8,0.0
836,38576.0,47,0,7,0,0,0,1,1,0,3,7,0.0
837,55357.0,35,64,116,84,25,64,3,6,2,11,5,0.0
839,85710.0,31,20,350,29,30,33,1,6,9,10,2,2.0
840,23228.0,51,2,18,6,1,0,2,2,0,3,8,0.0
841,44602.0,51,2,89,0,0,34,6,6,1,4,8,0.0
842,7500.0,33,2,3,4,1,5,1,0,0,3,6,3.0
843,38683.0,31,35,69,84,41,66,6,4,1,6,7,2.0
844,49514.0,45,39,78,58,13,93,2,6,1,4,7,0.0
845,57906.0,47,11,119,10,3,15,3,4,2,8,4,3.0
846,43456.0,54,11,68,25,7,7,3,5,1,8,5,2.0
847,19485.0,34,0,4,0,0,0,1,1,0,2,7,3.0
848,53172.0,42,62,90,68,20,125,3,2,3,8,3,3.0
849,30545.0,41,12,15,19,7,12,2,2,0,3,7,0.0
850,70123.0,37,0,396,23,0,0,1,5,7,4,3,2.0
851,62450.0,61,47,267,62,66,38,2,5,5,4,3,1.0
852,21675.0,44,0,16,17,4,4,3,4,0,3,7,1.0
853,42395.0,39,13,57,24,15,25,4,3,1,4,7,3.0
854,61346.0,42,58,168,43,16,142,1,5,7,10,3,3.0
855,80812.0,67,22,500,210,143,33,1,4,8,5,2,0.0
856,42835.0,49,4,93,12,9,98,7,6,6,4,6,0.0
858,86424.0,64,68,569,89,45,68,1,6,9,12,1,2.0
859,17117.0,42,23,38,30,18,7,4,3,1,3,9,3.0
860,24762.0,48,10,12,3,15,40,3,3,1,2,8,0.0
861,35797.0,45,1,14,4,1,21,2,2,0,3,8,0.0
862,36627.0,45,1,5,0,0,1,1,0,0,3,5,0.0
863,51111.0,39,0,19,6,5,3,2,2,0,3,6,1.0
865,82072.0,50,55,685,168,92,129,1,3,2,13,1,0.0
866,46231.0,67,2,55,0,5,12,4,6,1,4,9,3.0
867,42243.0,61,0,2,0,0,5,2,2,0,3,7,1.0
868,51195.0,58,14,156,82,24,58,8,9,2,5,8,3.0
869,68092.0,42,60,207,78,36,48,2,2,6,10,5,0.0
870,31814.0,47,3,20,4,1,20,2,2,0,3,9,2.0
871,51390.0,55,20,47,23,2,56,6,5,2,5,5,1.0
872,76630.0,37,31,446,40,56,175,1,3,10,11,1,2.0
873,26868.0,29,0,1,8,3,2,1,1,0,2,7,2.0
875,55260.0,48,8,53,11,0,242,2,8,10,5,6,3.0
876,64090.0,64,58,161,76,51,135,1,6,9,4,5,1.0
877,78331.0,62,138,354,160,169,61,2,10,6,7,4,2.0
878,37087.0,46,55,134,15,0,3,3,4,2,8,6,3.0
879,21846.0,34,17,18,6,10,26,4,4,0,3,8,2.0
880,81320.0,62,33,493,59,103,57,1,4,3,10,2,1.0
881,54137.0,50,0,11,0,1,20,2,4,1,4,6,2.0
882,66825.0,53,101,405,29,40,40,1,4,5,6,2,0.0
883,57100.0,47,21,69,39,3,96,1,3,3,6,3,0.0
884,58917.0,51,7,89,0,7,28,5,4,1,6,5,1.0
885,85072.0,43,92,391,194,11,241,1,3,4,10,0,1.0
886,86429.0,59,28,873,29,18,37,0,7,4,7,2,2.0
887,45684.0,49,1,5,10,0,7,1,1,0,2,7,0.0
888,47889.0,46,0,29,0,5,4,1,2,0,3,5,2.0
889,45921.0,34,9,49,24,3,12,1,2,1,6,4,0.0
890,78420.0,54,28,674,91,28,28,1,3,10,8,1,1.0
891,75114.0,28,12,523,63,60,24,1,3,10,5,2,0.0
892,52278.0,57,0,71,0,0,174,6,10,5,10,8,1.0
893,35641.0,48,3,67,8,9,28,2,3,1,4,7,2.0
894,95529.0,26,29,890,250,27,24,1,7,3,7,3,3.0
896,73113.0,60,19,154,50,9,28,1,3,4,7,2,0.0
898,42607.0,66,29,56,30,32,47,2,3,2,7,3,1.0
899,74637.0,66,64,464,146,0,16,1,6,9,9,3,0.0
901,72354.0,27,26,473,220,12,182,1,2,10,6,1,2.0
902,39858.0,51,20,25,2,7,26,1,2,0,4,6,1.0
903,34469.0,72,6,20,0,5,12,3,1,1,4,4,1.0
904,83033.0,34,99,431,237,149,33,1,11,4,10,5,3.0
905,24401.0,41,28,217,10,24,115,3,6,1,6,8,2.0
906,77583.0,42,23,384,250,12,108,1,4,5,9,2,2.0
907,74116.0,38,111,704,145,55,166,1,4,4,10,2,0.0
909,68397.0,44,80,466,17,13,80,1,6,9,5,3,3.0
910,79632.0,46,0,510,99,21,12,1,6,4,9,2,1.0
911,46107.0,31,9,27,16,9,33,1,1,1,4,3,2.0
912,64950.0,69,0,72,12,0,63,2,11,2,10,7,2.0
913,25443.0,31,4,3,8,9,7,1,1,0,3,8,2.0
916,71796.0,49,21,311,167,75,32,1,9,3,4,4,2.0
917,67536.0,50,0,447,23,71,35,3,11,5,11,8,3.0
918,55239.0,49,17,238,23,24,106,3,7,5,11,5,1.0
919,60554.0,45,7,76,110,15,15,2,8,4,9,6,0.0
920,64831.0,68,86,249,75,86,144,8,6,3,5,6,0.0
921,56067.0,58,12,54,16,6,120,2,7,4,7,5,0.0
922,82025.0,37,98,606,48,70,98,1,3,2,6,1,1.0
924,14906.0,34,7,14,7,16,15,3,2,1,3,7,2.0
925,51563.0,33,0,48,0,0,36,1,4,4,10,8,0.0
926,57937.0,38,42,144,55,48,133,3,4,4,9,3,0.0
927,68274.0,41,25,51,23,25,46,2,4,2,5,3,0.0
928,39771.0,43,2,18,2,8,14,1,2,0,3,4,1.0
929,67893.0,45,28,142,49,18,47,2,3,2,9,8,0.0
930,27922.0,41,0,13,2,4,11,1,2,0,3,4,3.0
931,52190.0,44,0,17,0,0,18,3,2,1,3,5,2.0
932,44051.0,47,7,58,6,3,18,4,3,1,4,6,2.0
933,42767.0,49,6,43,19,5,38,1,3,1,2,8,3.0
934,46106.0,44,0,8,2,0,14,1,1,1,2,6,0.0
935,16927.0,44,2,23,3,1,4,5,3,0,4,8,1.0
936,59754.0,55,27,44,4,146,139,3,5,2,6,5,1.0
937,53700.0,68,5,233,69,41,83,4,5,5,8,5,0.0
938,59041.0,47,2,15,2,2,6,2,2,0,4,5,0.0
939,54237.0,63,3,30,4,0,57,4,5,2,5,6,0.0
940,70647.0,53,85,171,25,123,114,2,4,7,13,2,0.0
941,52597.0,58,0,37,7,0,42,3,6,3,8,5,3.0
942,41021.0,51,7,9,6,16,12,2,2,0,3,6,0.0
943,40233.0,45,4,46,0,17,2,5,2,1,5,6,2.0
944,50183.0,40,12,84,13,10,15,7,3,1,6,5,3.0
945,54753.0,61,107,227,7,59,131,3,5,2,11,4,0.0
946,92955.0,47,21,925,31,24,84,1,6,7,9,2,2.0
947,33471.0,47,2,27,0,9,12,3,3,0,4,7,3.0
948,34596.0,46,0,2,0,0,7,1,1,0,2,8,2.0
949,44010.0,40,36,234,86,72,48,6,10,2,6,9,2.0
951,40706.0,52,0,11,4,2,5,4,3,0,4,7,1.0
952,15716.0,32,5,30,8,7,26,3,3,0,4,8,2.0
953,59052.0,61,35,75,63,57,31,3,7,1,7,5,3.0
955,83715.0,58,8,407,150,35,8,1,2,8,13,0,2.0
956,82576.0,61,55,445,168,18,18,1,2,4,12,1,1.0
958,35704.0,68,9,12,2,11,30,3,2,0,4,4,0.0
959,53103.0,66,17,133,11,0,195,5,10,6,7,7,2.0
960,46779.0,60,1,3,0,0,7,1,0,1,2,4,1.0
961,4861.0,55,1,1,1,0,1,0,0,0,0,14,0.0
962,33462.0,41,3,18,0,0,11,1,2,0,3,7,2.0
964,80763.0,70,168,108,192,42,231,1,5,11,6,3,0.0
965,65352.0,46,3,84,4,7,23,2,4,2,8,4,1.0
966,82170.0,42,93,651,49,55,37,1,5,6,7,2,1.0
967,75759.0,51,22,708,89,91,182,1,9,7,9,5,3.0
968,79689.0,44,26,640,180,37,121,1,4,9,13,2,1.0
969,35340.0,64,0,12,0,1,5,2,2,0,3,5,2.0
970,85683.0,66,17,311,45,69,51,1,2,4,10,1,3.0
971,24884.0,48,6,7,0,0,3,1,0,0,3,7,0.0
972,42021.0,39,5,136,7,5,27,5,10,1,6,9,0.0
973,64449.0,31,63,282,137,35,70,4,5,3,12,4,2.0
974,64587.0,66,0,16,0,6,20,2,1,1,4,3,3.0
976,75437.0,42,0,545,95,58,0,1,8,4,10,6,0.0
978,52845.0,47,25,292,130,41,64,3,8,8,6,6,2.0
979,46086.0,64,8,32,7,2,50,4,3,1,8,4,3.0
980,78028.0,64,19,288,25,0,38,1,6,4,9,7,3.0
981,95169.0,33,21,449,106,20,20,1,4,3,4,1,3.0
982,56337.0,39,16,144,28,5,182,5,8,5,4,8,0.0
983,22434.0,33,12,11,3,13,15,2,2,0,3,8,2.0
984,36930.0,66,2,31,0,2,39,5,5,2,4,8,0.0
985,36130.0,66,43,127,68,56,37,6,3,8,4,4,1.0
986,65569.0,67,46,288,20,38,70,2,6,5,10,3,2.0
988,19514.0,52,3,21,2,1,28,4,3,1,2,8,2.0
989,36736.0,57,0,3,0,0,4,1,1,0,2,6,0.0
990,77568.0,41,0,396,232,178,158,1,10,2,8,5,1.0
991,49187.0,44,1,31,2,1,0,1,1,1,5,2,1.0
992,30168.0,42,20,66,0,12,27,7,6,1,4,9,2.0
993,34053.0,52,0,21,7,0,12,1,3,0,3,8,2.0
994,38196.0,49,0,11,0,0,3,3,2,0,4,5,2.0
995,59412.0,69,67,165,30,43,11,1,4,2,8,3,2.0
997,54165.0,51,4,73,15,6,11,1,2,1,7,2,2.0
998,32300.0,47,3,6,6,5,6,1,1,0,3,8,3.0
1000,34961.0,47,2,26,4,1,1,3,3,1,3,7,0.0
1001,28440.0,46,1,24,0,0,0,1,2,0,3,8,0.0
1002,64504.0,67,36,168,16,0,108,7,11,3,4,7,2.0
1003,33564.0,54,0,3,0,0,7,1,1,1,3,5,1.0
1004,17345.0,42,9,16,17,0,12,2,2,1,2,8,1.0
1005,56320.0,53,53,172,116,77,83,3,5,4,9,4,2.0
1006,28647.0,42,8,29,0,12,26,1,2,2,2,7,0.0
1007,15038.0,33,8,11,19,12,26,2,2,1,2,9,2.0
1008,32173.0,62,0,2,0,0,2,1,1,0,3,4,0.0
1009,68316.0,56,80,161,120,11,33,5,10,7,10,6,0.0
1010,74538.0,49,98,733,110,112,28,1,8,8,5,3,3.0
1011,91700.0,49,172,961,125,115,19,1,8,6,5,3,3.0
1013,31056.0,43,10,13,3,8,16,1,1,0,3,8,0.0
1015,28071.0,40,33,130,41,26,44,2,5,1,5,8,1.0
1016,37334.0,62,1,16,2,2,15,4,3,0,4,4,2.0
1018,37126.0,49,3,9,4,4,7,1,1,2,2,6,2.0
1019,47703.0,67,0,134,13,26,123,4,6,3,8,5,0.0
1020,61180.0,61,24,29,6,24,218,2,5,5,6,3,0.0
1022,8028.0,29,18,66,7,12,2,15,0,1,0,19,0.0
1024,34728.0,34,0,16,0,0,6,1,1,1,2,6,2.0
1025,33168.0,55,1,37,0,1,3,3,2,1,4,7,0.0
1026,33585.0,54,11,33,13,6,29,1,2,0,4,4,3.0
1027,77037.0,60,96,333,168,53,10,1,7,7,12,3,2.0
1028,35196.0,36,12,141,43,39,187,6,6,1,5,8,1.0
1029,44529.0,54,13,91,17,6,26,6,6,2,11,5,2.0
1031,28764.0,54,0,3,0,0,1,1,1,0,2,8,3.0
1032,69098.0,71,22,780,145,0,178,1,7,8,9,5,3.0
1033,25959.0,50,2,12,7,5,26,2,1,2,2,6,0.0
1036,42557.0,46,5,53,0,5,15,4,6,1,4,8,1.0
1037,53312.0,69,0,12,0,0,25,1,5,1,5,7,2.0
1038,72228.0,68,28,491,30,14,56,1,6,7,8,3,1.0
1039,67605.0,33,28,282,184,54,54,1,2,8,6,1,2.0
1040,62845.0,71,0,45,0,0,34,11,3,4,10,8,2.0
1041,65196.0,62,19,181,12,0,200,2,7,6,11,5,1.0
1045,16860.0,59,4,4,3,3,14,3,1,1,3,7,1.0
1046,83528.0,28,117,678,134,44,147,1,4,10,8,1,3.0
1047,64176.0,55,33,249,64,116,149,8,8,9,8,6,0.0
1048,22304.0,64,2,7,0,4,2,1,1,0,2,8,2.0
1049,67023.0,42,44,382,11,8,17,1,3,7,13,2,3.0
1051,70713.0,54,114,279,82,76,190,6,5,6,8,3,1.0
1052,59925.0,65,21,176,19,21,56,3,9,2,9,6,2.0
1053,39722.0,67,0,5,2,0,8,2,2,0,3,5,2.0
1054,46610.0,62,10,30,4,10,125,1,6,1,6,6,0.0
1055,88347.0,59,178,555,77,138,118,1,4,7,9,1,2.0
1056,87171.0,39,44,107,58,44,44,1,6,7,11,2,3.0
1058,50014.0,52,14,77,19,10,42,2,4,1,8,5,0.0
1059,41014.0,42,2,6,2,0,3,1,1,0,2,7,0.0
1060,66294.0,55,108,334,65,92,117,1,4,3,5,2,1.0
1061,36715.0,49,10,125,21,13,16,6,7,2,4,9,0.0
1062,79456.0,64,42,548,64,83,99,1,5,6,4,3,1.0
1063,40479.0,38,0,8,2,0,0,1,0,0,3,4,0.0
1064,75345.0,50,57,842,99,38,133,1,5,8,6,3,0.0
1065,54233.0,43,8,158,21,0,142,4,11,6,5,8,0.0
1066,24163.0,50,1,7,2,1,2,2,1,0,3,4,3.0
1067,84460.0,62,27,103,106,54,81,0,9,9,4,5,0.0
1068,43776.0,37,0,9,2,1,3,1,1,0,2,6,2.0
1069,71691.0,62,130,411,240,32,43,1,4,7,5,2,0.0
1070,85844.0,47,19,843,25,95,38,1,6,6,7,2,1.0
1071,39190.0,46,8,18,19,8,12,2,2,1,4,5,2.0
1073,38578.0,48,4,22,3,3,3,3,3,0,3,8,0.0
1074,57236.0,55,0,9,2,1,4,3,2,1,4,3,0.0
1076,79803.0,62,8,216,21,16,33,1,4,3,5,1,0.0
1077,80910.0,34,80,369,67,39,41,1,3,3,8,1,2.0
1078,27590.0,38,0,5,0,0,1,1,1,0,2,7,1.0
1079,56775.0,41,35,160,58,35,35,2,5,8,10,5,3.0
1081,54210.0,41,54,109,80,9,45,2,4,1,7,5,0.0
1082,38508.0,34,19,206,25,19,54,6,7,2,5,8,1.0
1083,53187.0,50,2,30,7,7,10,2,4,1,6,5,2.0
1084,30023.0,48,0,16,7,6,21,1,2,0,3,8,2.0
1085,76045.0,60,53,400,17,93,0,1,4,5,11,2,1.0
1086,50870.0,68,0,8,0,0,2,1,2,0,3,5,2.0
1088,65463.0,46,32,70,21,32,16,2,6,2,9,5,2.0
1089,66480.0,55,9,57,20,21,6,7,4,1,7,4,1.0
1090,76773.0,66,56,449,86,33,16,1,2,2,11,1,2.0
1091,81698.0,37,45,115,30,160,45,1,8,2,5,5,3.0
1092,54466.0,47,0,4,0,0,0,1,1,0,2,5,0.0
1094,16269.0,36,3,18,3,1,0,3,3,0,3,8,0.0
1095,71819.0,49,28,140,0,14,168,3,3,3,5,6,1.0
1096,33569.0,37,2,18,3,0,24,1,1,1,2,8,0.0
1097,36262.0,37,39,54,64,28,153,1,3,5,3,6,1.0
1099,47025.0,42,11,59,23,5,29,5,11,1,6,9,3.0
1100,70566.0,52,28,215,84,28,21,2,6,5,9,3,1.0
1101,31605.0,41,0,42,2,1,6,2,2,1,4,7,3.0
1102,52034.0,47,0,93,7,13,73,5,4,2,5,7,0.0
1103,48526.0,41,17,23,43,20,9,1,2,1,4,3,3.0
1104,46734.0,66,5,137,26,23,29,2,6,1,5,7,1.0
1105,39552.0,58,3,147,4,24,41,7,6,2,5,8,3.0
1106,86358.0,54,47,494,82,47,95,4,5,3,6,8,0.0
1107,46931.0,43,0,17,3,1,16,2,1,1,3,3,1.0
1108,16581.0,35,3,4,2,3,11,1,0,0,3,4,1.0
1109,63998.0,68,29,818,0,33,112,1,7,6,11,4,1.0
1110,67381.0,69,8,53,11,0,70,4,2,2,9,7,2.0
1111,25930.0,53,1,2,2,0,4,1,1,0,2,7,0.0
1112,42693.0,42,4,20,6,3,16,1,1,0,3,5,0.0
1113,85606.0,44,42,864,219,30,84,2,6,7,9,3,0.0
1114,72903.0,35,138,750,0,19,39,1,7,5,8,4,2.0
1115,49669.0,46,5,107,11,8,29,2,5,1,6,6,0.0
1116,36778.0,52,4,34,2,4,4,3,3,0,3,9,2.0
1119,49678.0,59,5,56,3,2,20,2,6,2,4,7,2.0
1121,37155.0,31,0,26,7,15,3,1,2,0,4,5,1.0
1122,21282.0,42,5,8,4,8,20,2,2,1,2,6,3.0
1123,33419.0,58,0,12,0,0,18,2,2,0,4,7,1.0
1124,63285.0,75,124,249,50,38,134,1,6,5,13,3,0.0
1125,21255.0,46,0,25,2,2,3,4,2,1,4,4,2.0
1126,42162.0,39,7,59,2,4,27,2,3,1,3,6,1.0
1128,57744.0,66,3,39,0,0,19,2,9,1,4,8,2.0
1129,26576.0,34,0,8,0,0,9,1,1,0,2,9,2.0
1130,57513.0,77,40,183,52,20,30,2,9,3,13,6,2.0
1131,68142.0,56,126,196,91,112,37,3,10,4,7,6,1.0
1132,7500.0,41,2,3,3,0,5,1,1,0,2,8,0.0
1133,83145.0,46,35,731,39,137,114,1,5,9,11,2,0.0
1134,54197.0,60,6,37,6,13,13,2,1,3,6,1,2.0
1135,23091.0,57,0,11,0,0,2,4,2,1,3,7,2.0
1136,46049.0,44,9,112,19,14,19,10,5,2,9,7,2.0
1137,56715.0,46,105,239,237,172,9,1,7,3,4,4,2.0
1138,79410.0,59,80,483,123,13,13,1,3,2,5,1,2.0
1139,57304.0,69,80,329,138,17,106,2,7,6,10,5,0.0
1140,44375.0,55,5,28,7,7,41,1,4,1,6,5,2.0
1142,59594.0,55,4,29,0,0,9,1,8,1,7,7,2.0
1143,80685.0,26,45,604,34,26,54,1,6,4,10,2,0.0
1144,40344.0,46,0,6,0,0,2,2,4,1,5,7,2.0
1145,62710.0,48,35,83,7,29,11,4,4,2,12,4,3.0
1146,48985.0,52,13,18,10,7,8,1,1,1,3,3,1.0
1147,35322.0,52,9,37,12,7,13,3,2,0,4,8,0.0
1148,77142.0,72,75,162,29,151,97,1,4,4,8,2,2.0
1149,81657.0,51,40,425,158,60,50,1,3,4,8,1,3.0
1150,14421.0,24,0,2,3,3,8,1,1,0,2,5,0.0
1152,74214.0,30,83,547,86,99,33,1,8,2,5,5,3.0
1153,66726.0,63,7,35,0,0,47,3,8,2,4,7,2.0
1154,23724.0,41,23,15,0,18,14,2,2,0,3,8,0.0
1155,47353.0,60,2,19,8,8,4,3,2,2,6,5,3.0
1156,33444.0,68,0,8,0,0,2,1,1,0,2,8,2.0
1157,54386.0,39,21,64,62,21,25,2,3,2,10,3,0.0
1158,28510.0,39,5,19,0,4,19,3,2,0,4,5,0.0
1159,90638.0,29,120,915,94,144,96,1,3,4,10,1,0.0
1160,48070.0,70,14,83,6,9,19,3,8,2,6,7,0.0
1161,43140.0,63,8,76,6,0,11,1,4,1,5,6,2.0
1162,54959.0,59,0,60,0,0,24,3,9,5,4,7,2.0
1163,15056.0,62,12,3,21,6,40,5,2,2,3,5,0.0
1164,26954.0,49,1,11,0,0,1,1,1,0,2,7,1.0
1165,22327.0,35,4,8,2,0,5,1,1,0,3,5,0.0
1166,44393.0,55,2,20,2,2,10,2,1,0,4,4,1.0
1167,62000.0,68,0,101,0,0,20,1,6,6,13,4,0.0
1169,45894.0,46,2,7,0,2,13,1,1,0,3,5,2.0
1170,78579.0,50,66,549,216,66,99,1,5,6,4,3,0.0
1171,67369.0,51,0,70,37,14,42,4,7,4,10,4,3.0
1172,58401.0,60,0,11,17,29,29,1,1,2,2,4,0.0
1173,62307.0,68,13,34,10,6,10,1,4,0,4,5,2.0
1174,43641.0,51,2,51,4,2,23,3,2,1,4,6,2.0
1177,70091.0,51,34,137,15,0,11,2,5,2,10,8,0.0
1178,78075.0,48,8,259,34,35,80,1,3,5,5,1,0.0
1179,59184.0,59,142,113,259,151,66,3,6,6,12,5,0.0
1180,54809.0,43,6,57,13,13,22,4,2,1,5,4,1.0
1181,58113.0,61,104,169,102,78,84,3,9,2,8,7,0.0
1182,51412.0,62,3,29,4,5,14,2,3,2,4,4,1.0
1184,66636.0,63,10,689,84,10,0,1,3,4,9,1,3.0
1185,50965.0,64,13,85,8,6,29,3,10,4,5,8,0.0
1187,18351.0,30,12,9,0,14,7,1,2,0,3,7,3.0
1188,40451.0,63,0,4,0,0,10,1,1,1,2,5,1.0
1189,36317.0,55,3,25,3,2,13,2,3,0,4,7,1.0
1190,42213.0,63,3,24,4,3,20,2,5,1,7,7,2.0
1191,65748.0,65,73,93,95,78,34,2,2,4,10,1,1.0
1192,77044.0,48,38,242,50,34,76,2,7,11,11,4,2.0
1193,74918.0,51,59,913,25,19,59,1,5,9,6,3,1.0
1194,56721.0,48,6,39,6,13,75,5,4,1,5,6,0.0
1195,42160.0,45,9,45,3,15,20,4,2,1,4,6,1.0
1196,61559.0,55,83,88,32,14,34,1,4,2,10,3,1.0
1197,33629.0,57,0,16,0,0,4,5,3,1,4,9,0.0
1199,34377.0,57,0,22,3,1,26,2,2,2,2,7,0.0
1200,8940.0,34,45,3,4,6,42,3,3,1,3,8,3.0
1201,26228.0,47,6,4,3,1,9,1,1,0,2,8,1.0
1202,77297.0,63,61,109,48,122,41,1,5,7,9,4,0.0
1203,40211.0,39,1,7,2,1,25,2,2,1,2,8,2.0
1204,33438.0,62,1,16,3,2,6,4,2,1,4,5,2.0
1205,75032.0,61,12,180,47,12,12,2,5,4,9,3,3.0
1206,61284.0,65,15,106,20,7,45,1,11,2,8,6,3.0
1207,22518.0,34,7,12,2,2,27,2,2,1,2,5,0.0
1208,54730.0,45,3,17,4,7,56,5,4,1,8,4,2.0
1210,44421.0,49,5,59,7,1,7,5,5,0,4,8,2.0
1211,38197.0,34,0,11,2,1,3,1,1,0,3,5,3.0
1212,41986.0,42,5,8,8,3,12,3,3,0,4,4,0.0
1214,37395.0,44,0,9,0,1,11,1,1,0,3,6,1.0
1215,64722.0,49,0,280,60,147,15,4,8,2,11,6,2.0
1216,55249.0,64,1,19,2,0,11,1,2,1,4,3,2.0
1219,44213.0,68,11,35,0,4,7,4,2,1,5,6,3.0
1220,25707.0,36,6,2,3,6,3,1,1,0,3,7,3.0
1221,59062.0,53,1,12,3,0,9,2,2,0,3,4,1.0
1222,76624.0,58,106,147,54,115,66,1,5,10,7,1,1.0
1223,66000.0,73,51,270,101,0,45,1,1,3,5,1,1.0
1224,27683.0,42,9,121,12,12,45,4,6,2,4,8,1.0
1225,1730.0,49,1,3,1,1,1,15,0,0,0,20,0.0
1226,7500.0,28,17,18,8,26,40,4,3,2,2,9,2.0
1227,40521.0,52,0,5,0,0,4,1,0,1,2,5,0.0
1228,20427.0,47,0,4,0,0,1,1,1,0,2,8,1.0
1229,65106.0,45,19,133,12,0,19,3,8,3,13,6,2.0
1230,69969.0,55,29,514,38,29,44,1,4,2,6,3,0.0
1231,67433.0,68,28,259,12,48,30,4,6,5,13,4,2.0
1233,74716.0,48,27,421,13,195,71,2,7,3,5,4,2.0
1235,55158.0,50,0,87,4,11,23,4,7,2,5,7,2.0
1236,62972.0,65,15,47,20,0,192,2,7,4,3,6,2.0
1237,74190.0,45,81,86,168,91,64,2,4,2,11,2,0.0
1238,39356.0,44,0,2,0,0,6,1,1,0,2,6,2.0
1239,76653.0,51,63,946,219,189,126,1,4,7,11,2,2.0
1241,90687.0,37,17,672,23,34,51,1,6,2,8,2,1.0
1242,73450.0,38,51,415,90,69,37,1,7,8,11,3,1.0
1243,31454.0,60,0,11,0,0,9,3,2,0,3,8,1.0
1244,47139.0,68,0,12,0,2,23,2,2,1,2,7,3.0
1246,53378.0,57,6,152,8,6,132,10,9,4,6,8,2.0
1247,19656.0,50,4,9,6,8,32,3,2,1,3,7,0.0
1248,45579.0,72,1,33,2,1,1,1,4,1,4,6,3.0
1249,85485.0,62,26,611,44,18,54,1,6,6,6,2,1.0
1250,55956.0,76,38,104,50,9,38,2,7,3,4,4,1.0
1251,64191.0,57,15,186,151,38,15,3,5,3,13,3,3.0
1252,38808.0,48,17,52,3,19,30,4,5,1,4,8,2.0
1253,57183.0,54,5,64,7,0,70,8,9,1,7,8,3.0
1254,23748.0,52,6,29,12,15,8,3,2,1,3,8,1.0
1255,66303.0,49,12,96,16,12,60,4,3,4,11,8,3.0
1256,37368.0,45,2,11,2,2,10,1,1,0,2,6,2.0
1257,40800.0,56,0,27,8,30,10,2,3,0,3,7,2.0
1258,71847.0,42,21,106,55,63,210,0,6,7,9,3,1.0
1259,46149.0,45,6,71,4,0,27,5,5,1,7,5,0.0
1260,78687.0,37,185,687,145,55,241,1,4,6,8,2,3.0
1261,49118.0,49,54,239,99,98,119,2,9,7,10,7,3.0
1262,37633.0,63,4,20,0,0,1,2,1,0,3,9,3.0
1263,39767.0,69,61,204,34,26,47,2,7,1,7,8,2.0
1264,26997.0,69,23,78,133,49,144,2,4,2,5,7,1.0
1265,33986.0,50,2,18,2,1,5,1,1,0,3,7,2.0
1266,57091.0,48,0,24,6,0,4,2,9,2,5,7,0.0
1267,46831.0,51,2,10,6,4,34,2,1,2,2,4,2.0
1268,83151.0,48,147,842,137,42,210,1,5,7,10,2,2.0
1269,52531.0,49,112,151,51,72,125,2,7,2,10,6,2.0
1270,15759.0,64,2,5,6,0,3,1,1,0,2,7,3.0
1272,43050.0,47,5,24,6,3,8,2,2,0,4,5,2.0
1273,42997.0,43,0,5,0,1,5,1,1,0,2,7,2.0
1275,60033.0,66,1,57,19,11,48,2,2,1,5,2,2.0
1276,34043.0,42,2,14,3,0,10,1,2,0,2,9,0.0
1277,57811.0,54,7,114,37,21,78,5,7,2,11,5,0.0
1278,78569.0,74,79,622,207,175,95,1,4,6,4,1,0.0
1279,7500.0,42,5,4,13,4,25,4,2,1,3,6,3.0
1281,23148.0,35,6,8,6,3,10,1,2,0,3,7,1.0
1282,44267.0,50,5,65,3,5,49,5,5,2,4,9,0.0
1283,71626.0,41,72,376,94,145,72,1,5,5,8,3,0.0
1284,60894.0,54,7,155,10,0,54,5,10,3,8,7,2.0
1285,50200.0,44,6,51,8,6,64,6,7,1,5,8,1.0
1286,81051.0,55,29,249,38,29,14,1,5,5,12,2,2.0
1287,65169.0,38,0,69,0,0,46,1,10,4,13,6,1.0
1288,59868.0,48,51,154,54,10,154,7,11,2,12,6,1.0
1289,65695.0,60,32,189,0,58,6,2,5,4,10,4,3.0
1292,74805.0,65,162,209,41,162,37,5,4,7,10,2,1.0
1293,59060.0,31,40,111,36,40,12,3,3,1,7,4,2.0
1294,27238.0,58,0,17,0,0,3,3,3,0,3,9,0.0
1295,47009.0,55,45,73,59,10,90,4,3,2,8,4,1.0
1296,46094.0,47,2,20,3,2,5,1,1,0,3,7,1.0
1298,37235.0,36,2,9,4,6,20,1,1,1,2,4,1.0
1299,81843.0,60,86,537,34,69,138,1,5,9,12,3,0.0
1300,46692.0,62,6,97,24,12,88,3,6,1,5,6,0.0
1301,77382.0,52,48,231,112,105,134,2,5,7,12,1,2.0
1302,37774.0,43,8,107,7,2,176,4,7,2,3,9,0.0
1303,18393.0,46,10,13,16,0,4,2,3,0,3,8,1.0
1304,72828.0,58,0,235,19,14,205,6,6,3,13,7,1.0
1305,24711.0,38,7,25,6,3,7,1,3,0,3,7,3.0
1306,45503.0,45,4,44,6,1,18,1,3,1,4,5,2.0
1307,6560.0,38,11,26,4,3,262,0,1,0,1,17,0.0
1308,71604.0,75,53,528,98,75,97,1,8,3,5,4,1.0
1309,27244.0,41,5,17,3,24,46,2,2,2,2,7,0.0
1310,48752.0,51,57,100,71,15,0,5,6,1,5,9,2.0
1311,71434.0,58,36,217,172,96,168,3,7,4,7,4,1.0
1312,90842.0,72,70,118,182,187,93,1,4,9,13,1,1.0
1313,88097.0,42,0,480,0,126,75,1,6,5,8,9,0.0
1314,51948.0,45,33,54,71,30,41,2,5,2,4,5,3.0
1316,35876.0,37,2,40,4,3,14,1,3,1,3,6,1.0
1317,40049.0,68,6,7,0,3,3,1,1,0,3,6,2.0
1318,39660.0,38,13,78,20,13,36,3,7,1,3,9,2.0
1319,50127.0,58,0,21,4,6,15,1,5,1,6,6,3.0
1320,43263.0,43,6,61,0,10,102,3,5,2,6,5,2.0
1321,62845.0,71,0,45,0,0,34,11,3,4,10,8,0.0
1323,24367.0,38,4,2,0,11,5,1,1,0,2,9,2.0
1325,26887.0,61,7,4,3,4,6,1,1,0,3,6,2.0
1327,62061.0,44,7,84,0,30,38,3,10,4,7,6,2.0
1329,76542.0,64,73,573,0,29,14,1,4,8,10,2,2.0
1330,70515.0,27,0,452,182,64,140,1,6,6,4,2,2.0
1331,18227.0,33,2,7,4,3,11,1,0,1,2,8,2.0
1334,69627.0,58,161,215,171,30,53,2,8,2,11,5,3.0
1335,38136.0,42,15,27,0,20,33,2,3,1,2,8,0.0
1336,62159.0,74,17,259,77,70,29,1,6,2,10,4,0.0
1337,80695.0,57,129,984,193,37,18,1,5,8,5,2,2.0
1340,17256.0,28,4,14,8,8,22,2,2,1,2,8,1.0
1341,53034.0,46,15,196,15,11,50,8,6,1,7,8,0.0
1342,52203.0,70,21,238,56,108,28,1,8,7,11,6,0.0
1343,59601.0,43,7,69,0,7,23,4,2,2,7,8,2.0
1344,75154.0,62,10,205,160,143,82,1,6,3,6,3,2.0
1345,47025.0,44,7,108,20,0,26,3,6,3,5,6,0.0
1346,37971.0,47,4,10,2,2,7,1,1,0,3,8,2.0
1348,67267.0,62,11,59,15,2,30,1,3,2,5,2,2.0
1349,57338.0,45,6,52,11,8,17,2,4,1,5,5,3.0
1350,50523.0,60,4,24,4,7,1,2,2,0,4,6,1.0
1352,50611.0,60,0,24,6,0,4,6,4,5,7,6,3.0
1353,56242.0,51,8,167,11,8,88,5,8,4,11,6,0.0
1354,48904.0,60,10,38,0,13,27,4,7,2,4,8,0.0
1355,56243.0,45,0,35,4,3,7,6,4,2,8,5,2.0
1356,21355.0,35,13,14,0,5,31,2,2,1,2,6,2.0
1357,57420.0,49,0,18,0,0,24,3,5,1,6,7,1.0
1358,46390.0,65,14,64,2,9,38,1,4,2,3,7,2.0
1359,54342.0,64,10,34,11,10,28,4,3,1,4,6,0.0
1360,20895.0,47,3,17,3,0,4,1,2,0,3,9,2.0
1361,92344.0,72,24,694,51,19,119,0,5,10,5,1,0.0
1363,44964.0,40,1,17,2,0,2,1,1,0,3,8,2.0
1365,53761.0,48,0,76,13,7,71,6,4,4,3,5,0.0
1366,22682.0,47,14,29,4,2,36,3,2,1,4,4,1.0
1367,38887.0,48,1,13,0,0,3,1,1,0,3,7,1.0
1368,41658.0,45,4,12,15,4,29,2,1,1,2,4,1.0
1369,29791.0,48,0,6,0,0,0,2,2,0,3,5,3.0
1370,63915.0,64,7,115,30,0,15,2,6,3,12,5,3.0
1371,39996.0,46,0,3,0,0,1,1,1,0,2,6,3.0
1372,26759.0,48,3,16,8,5,2,2,2,1,3,6,0.0
1374,51039.0,51,64,79,65,0,109,2,6,2,4,7,1.0
1377,37716.0,67,1,41,6,2,41,2,4,1,3,7,3.0
1378,36864.0,63,5,39,17,0,89,3,5,2,4,8,0.0
1379,44511.0,50,7,133,46,14,14,6,8,4,8,8,0.0
1380,36947.0,53,3,21,4,1,29,4,3,0,4,9,1.0
1382,67087.0,67,35,222,130,35,43,2,7,5,8,4,2.0
1383,57045.0,70,13,104,11,13,17,3,4,2,9,3,0.0
1384,36957.0,67,2,16,2,1,31,4,3,2,2,9,2.0
1385,69389.0,43,7,238,69,46,15,1,7,2,12,4,3.0
1387,43142.0,51,1,7,2,1,4,1,1,0,2,7,3.0
1388,80589.0,76,93,520,242,40,26,1,5,10,5,1,2.0
1389,34412.0,30,12,50,4,36,55,3,5,0,3,9,0.0
1390,57537.0,41,56,139,51,8,100,4,4,3,8,4,1.0
1392,51315.0,72,28,39,16,30,41,1,2,2,5,2,1.0
1393,36026.0,48,4,10,6,4,17,2,2,0,3,6,2.0
1394,24639.0,47,3,16,0,4,1,3,2,0,4,6,3.0
1395,34578.0,48,0,1,0,0,0,1,1,0,2,6,2.0
1396,65704.0,48,172,74,38,8,246,1,2,10,10,1,3.0
1398,54132.0,51,1,8,0,0,3,1,1,0,3,7,2.0
1400,28164.0,50,18,26,11,8,12,3,2,0,4,7,2.0
1401,34596.0,46,0,2,0,0,7,1,1,0,2,8,2.0
1402,43269.0,48,1,7,0,0,1,1,1,0,2,8,1.0
1403,38741.0,62,10,17,8,6,13,2,2,0,3,7,1.0
1404,31907.0,48,87,64,175,16,74,1,6,1,6,7,0.0
1407,92533.0,35,21,118,110,147,42,1,6,5,11,2,0.0
1408,34853.0,47,3,15,2,3,2,2,2,0,3,6,2.0
1409,70844.0,53,26,67,3,67,2,5,6,1,5,7,3.0
1410,31086.0,41,2,11,3,0,16,2,1,1,2,8,0.0
1412,20491.0,34,4,5,4,2,10,1,0,1,2,7,3.0
1415,33402.0,68,2,19,10,5,8,3,2,1,3,8,1.0
1416,36408.0,71,1,4,3,2,3,1,1,0,2,6,0.0
1417,21645.0,41,0,23,4,5,19,3,3,0,3,9,3.0
1418,78427.0,72,19,595,180,26,138,3,3,7,10,3,3.0
1419,82657.0,74,168,672,246,105,126,1,7,5,10,4,1.0
1420,51876.0,62,27,102,28,48,6,1,2,2,8,1,0.0
1421,78041.0,49,35,553,72,160,17,1,4,4,9,2,0.0
1422,52852.0,63,8,99,11,0,47,4,10,7,5,8,1.0
1424,69401.0,47,27,159,58,8,39,4,4,4,5,2,1.0
1425,46053.0,48,10,92,19,7,25,3,3,2,4,5,1.0
1426,77343.0,55,151,573,98,54,31,1,3,4,9,1,2.0
1427,73892.0,67,102,601,0,58,43,1,3,11,8,1,0.0
1428,40304.0,53,0,17,0,0,3,1,2,0,3,7,2.0
1429,32727.0,55,13,180,86,13,70,2,7,3,5,8,0.0
1431,43300.0,49,3,52,2,1,31,3,4,0,4,8,1.0
1432,26290.0,48,8,16,11,5,22,4,2,0,4,6,2.0
1433,93790.0,50,68,731,89,114,45,0,6,7,12,2,1.0
1434,38410.0,46,64,123,116,64,14,2,5,2,9,6,3.0
1435,64866.0,70,5,21,7,5,10,4,7,3,7,5,1.0
1436,57957.0,61,59,177,77,5,29,7,4,6,8,3,1.0
1438,16531.0,42,13,6,7,5,11,3,3,0,3,7,0.0
1439,28072.0,34,0,10,2,0,5,1,1,0,3,7,2.0
1440,49476.0,57,23,95,54,41,196,4,2,11,5,2,3.0
1441,50725.0,67,10,75,0,10,48,4,8,1,8,8,0.0
1443,41145.0,70,0,3,0,0,1,1,0,0,3,3,0.0
1444,67419.0,50,84,352,91,56,42,4,9,4,8,5,1.0
1445,23162.0,50,3,9,19,4,22,3,1,1,3,6,2.0
1446,34380.0,43,7,58,13,1,24,4,4,1,3,8,3.0
1447,34704.0,54,0,5,0,1,5,1,1,0,3,5,2.0
1448,94871.0,51,24,553,188,0,144,1,8,5,4,7,1.0
1449,65148.0,62,35,422,33,12,153,2,6,6,7,4,3.0
1452,59892.0,50,0,13,0,1,0,1,2,1,3,3,0.0
1453,41020.0,33,1,54,7,7,36,1,3,2,4,3,1.0
1454,57072.0,59,0,60,0,0,30,2,7,5,13,5,0.0
1457,19414.0,39,3,12,3,5,7,1,1,0,3,8,2.0
1458,19107.0,40,4,9,10,5,16,2,1,0,3,7,3.0
1459,75484.0,44,97,259,197,194,34,2,7,3,6,4,0.0
1460,70379.0,44,25,142,65,67,8,3,6,3,13,4,2.0
1461,79419.0,50,127,687,20,15,31,1,4,6,4,2,1.0
1463,76998.0,65,89,161,69,35,107,2,11,8,8,6,0.0
1464,49854.0,48,17,171,39,0,30,5,6,2,5,6,0.0
1465,60585.0,49,42,309,55,42,21,10,7,4,9,5,2.0
1466,42873.0,70,0,40,3,2,15,4,6,1,4,8,1.0
1467,87679.0,32,172,815,97,148,33,1,7,11,10,4,0.0
1468,57867.0,42,35,178,15,23,17,7,7,2,9,6,3.0
1469,35765.0,30,3,30,0,5,15,2,2,0,4,6,2.0
1470,65492.0,61,161,295,210,85,47,2,4,7,13,2,0.0
1471,32952.0,43,0,12,3,1,1,1,2,0,3,7,2.0
1472,53374.0,51,10,101,13,10,34,6,4,2,9,9,1.0
1473,71706.0,61,56,253,91,98,14,4,9,5,7,5,1.0
1475,53253.0,45,9,57,20,9,125,7,4,3,5,5,0.0
1478,54108.0,47,6,91,8,6,97,13,8,2,9,8,2.0
1479,49667.0,65,26,120,17,13,39,2,5,10,5,8,0.0
1480,63206.0,46,8,125,11,8,26,1,4,3,6,2,1.0
1481,57136.0,48,5,109,21,109,92,9,5,2,10,6,2.0
1482,46772.0,45,104,189,197,151,57,6,11,8,5,8,3.0
1483,78931.0,49,197,170,58,152,35,1,2,8,13,1,2.0
1487,73538.0,55,76,428,99,137,107,3,10,4,9,7,2.0
1488,79529.0,34,42,706,73,197,197,1,4,8,9,2,0.0
1489,20981.0,43,12,10,6,13,30,1,3,1,2,8,2.0
1490,51766.0,40,51,87,6,20,51,2,4,2,4,5,2.0
1491,55759.0,58,0,85,10,7,77,5,10,3,8,8,2.0
1493,37787.0,48,1,40,4,3,18,1,3,0,3,8,1.0
1494,27242.0,50,17,26,20,1,39,2,2,0,3,9,3.0
1495,87188.0,37,111,724,49,74,55,1,10,2,6,3,3.0
1496,69930.0,49,98,827,219,70,196,1,4,5,12,3,0.0
1499,3502.0,47,1,1,0,0,1,0,0,0,0,14,2.0
1500,58597.0,44,0,184,10,28,21,12,7,4,9,7,0.0
1502,28087.0,62,8,17,13,0,21,3,2,2,2,7,0.0
1503,74004.0,33,48,560,42,176,48,1,4,6,4,3,2.0
1504,19740.0,60,11,3,10,4,20,2,1,1,3,5,2.0
1505,57036.0,45,43,219,19,14,47,4,6,3,13,9,0.0
1506,53083.0,62,7,33,3,0,13,6,5,1,5,7,1.0
1507,69283.0,45,62,134,0,26,8,4,7,3,13,5,3.0
1508,46098.0,45,0,27,0,0,36,4,3,2,2,8,2.0
1509,23331.0,32,36,7,0,10,45,2,3,0,3,8,2.0
1510,23331.0,32,20,101,24,15,5,6,5,1,5,9,1.0
1511,9255.0,31,0,7,2,0,4,1,1,1,2,8,3.0
1512,67786.0,61,82,441,80,20,102,1,3,6,6,1,3.0
1513,71969.0,49,0,76,0,0,10,3,3,4,9,8,2.0
1514,59235.0,53,40,469,80,0,91,3,11,2,12,7,3.0
1515,31928.0,31,4,24,4,2,5,2,3,0,4,7,1.0
1517,65819.0,42,38,701,149,165,63,1,5,4,10,3,1.0
1518,51411.0,67,0,3,0,0,1,1,0,0,3,5,2.0
1519,51983.0,56,0,115,10,7,30,3,9,2,10,7,1.0
1521,30390.0,33,12,12,25,1,20,1,2,0,3,6,2.0
1522,30983.0,57,4,50,12,1,49,1,4,0,3,8,3.0
1523,66033.0,63,35,179,46,59,65,2,8,3,7,7,1.0
1525,57530.0,69,1,27,6,7,1,1,1,1,4,1,1.0
1526,76800.0,55,26,255,35,71,81,1,4,4,7,1,3.0
1527,63943.0,64,184,368,13,97,21,1,6,4,6,5,1.0
1530,37054.0,53,1,6,0,1,5,2,1,0,3,7,0.0
1531,47175.0,58,2,44,6,2,19,7,4,2,4,8,3.0
1532,31859.0,44,1,3,8,0,5,1,1,0,2,7,1.0
1533,27215.0,59,5,22,8,9,28,4,2,1,4,6,3.0
1537,24645.0,32,3,4,4,1,0,1,1,0,2,8,0.0
1538,79865.0,66,99,278,185,121,38,1,5,10,5,1,3.0
1539,44322.0,35,0,40,3,0,3,2,3,0,3,8,0.0
1540,47958.0,68,11,88,15,3,22,2,6,3,5,5,1.0
1541,63972.0,56,63,254,0,12,12,4,5,4,10,4,1.0
1542,75315.0,66,15,171,142,23,31,2,5,4,12,2,1.0
1543,55517.0,70,0,108,0,6,36,5,11,1,6,9,1.0
1544,75283.0,63,9,180,12,19,66,11,6,3,5,4,3.0
1547,90638.0,29,120,915,94,144,96,1,3,4,10,1,3.0
1548,27161.0,34,4,23,7,0,11,1,1,0,3,7,2.0
1550,38201.0,60,0,23,0,0,12,4,5,1,5,8,1.0
1551,45203.0,38,3,67,10,8,24,1,3,1,3,6,1.0
1552,81574.0,73,0,465,46,35,0,1,4,5,8,1,0.0
1554,60482.0,44,43,134,37,14,24,1,7,2,7,7,3.0
1555,34633.0,64,1,5,0,0,1,1,1,0,2,6,2.0
1556,78093.0,73,32,639,13,43,10,1,4,7,5,1,1.0
1557,82460.0,70,47,573,52,32,15,1,5,3,6,1,0.0
1558,45903.0,54,8,10,2,10,3,2,2,1,3,4,1.0
1559,81361.0,33,23,424,27,65,76,1,3,10,13,1,1.0
1560,35860.0,47,0,8,4,2,20,2,1,1,2,5,3.0
1561,40442.0,68,12,52,25,22,13,4,3,1,4,7,1.0
1562,61482.0,55,58,68,16,66,43,1,3,2,6,2,3.0
1563,34968.0,40,6,45,8,2,2,7,3,2,5,7,0.0
1564,75794.0,33,160,625,63,32,48,1,7,5,12,3,2.0
1566,74268.0,65,66,315,97,174,41,1,4,3,5,2,0.0
1567,13724.0,32,7,5,2,15,27,1,2,0,2,9,0.0
1569,52569.0,53,0,3,0,0,7,1,2,0,4,3,2.0
1572,36108.0,36,8,129,3,11,47,3,7,1,4,9,2.0
1573,76445.0,49,107,309,140,80,35,1,2,5,13,6,0.0
1574,36663.0,45,0,6,3,3,5,1,1,1,3,2,0.0
1575,53843.0,55,0,88,19,4,73,4,8,5,3,7,0.0
1576,90226.0,64,108,649,253,151,108,1,4,7,12,2,1.0
1577,70638.0,65,12,215,16,12,63,1,4,5,10,3,1.0
1578,44512.0,60,1,6,0,0,2,2,1,0,3,4,1.0
1579,27116.0,59,1,21,2,2,3,2,2,0,3,7,1.0
1580,54072.0,57,0,4,0,0,0,1,2,0,2,8,3.0
1581,71855.0,43,31,422,0,112,28,4,5,5,11,3,1.0
1582,51250.0,30,32,230,34,32,40,5,10,5,4,9,2.0
1583,60432.0,47,3,15,4,3,11,5,7,2,5,6,2.0
1586,12393.0,42,6,15,11,7,13,1,2,0,3,9,3.0
1587,64509.0,30,185,575,24,25,77,1,6,3,9,4,3.0
1588,33955.0,45,2,128,23,7,10,4,5,1,5,8,1.0
1589,31353.0,43,0,10,3,1,7,2,1,1,2,8,0.0
1590,55434.0,36,115,215,169,69,76,3,5,3,13,4,2.0
1591,28359.0,37,0,5,2,1,2,1,1,0,2,7,2.0
1592,57100.0,33,11,99,15,11,17,2,3,2,7,3,0.0
1594,52973.0,64,0,76,12,9,199,7,9,6,9,8,1.0
1595,51717.0,55,1,17,0,1,5,1,3,0,4,7,3.0
1596,18793.0,49,16,20,0,17,20,3,2,0,4,8,3.0
1598,50664.0,61,8,104,6,4,126,9,8,1,6,9,0.0
1599,54414.0,57,18,16,24,26,18,4,3,1,5,4,1.0
1600,54549.0,68,2,6,0,0,9,2,5,1,4,7,2.0
1601,47111.0,49,71,153,120,112,41,6,3,2,10,9,1.0
1602,41003.0,57,133,142,71,44,88,1,6,2,8,6,0.0
1603,19444.0,38,0,23,3,2,10,3,4,1,2,7,2.0
1604,36301.0,44,12,35,3,5,12,1,3,0,3,7,2.0
1606,42731.0,51,2,51,6,2,24,3,4,1,5,5,1.0
1607,52854.0,61,0,10,0,1,0,2,2,1,4,5,2.0
1610,59821.0,65,0,70,0,0,35,6,11,2,7,8,0.0
1611,50002.0,66,5,71,21,16,82,2,8,2,7,7,1.0
1612,69755.0,75,77,373,111,23,93,1,3,6,12,1,1.0
1613,44078.0,51,1,10,2,0,4,2,2,0,3,5,1.0
1615,35924.0,51,0,14,2,3,7,1,1,0,3,5,0.0
1616,64140.0,56,0,61,0,15,215,5,2,5,6,5,0.0
1617,56386.0,39,48,214,13,32,75,8,9,1,7,9,1.0
1620,39228.0,60,1,6,0,3,3,1,0,0,3,4,1.0
1621,58494.0,46,7,68,4,0,19,2,6,2,6,6,1.0
1622,58684.0,39,35,179,28,7,85,1,5,3,12,2,2.0
1623,57136.0,53,140,599,34,12,127,1,7,5,7,6,0.0
1625,22448.0,38,1,8,23,2,18,3,2,1,3,3,3.0
1626,82014.0,59,37,265,35,163,31,1,3,6,12,6,0.0
1627,34213.0,57,4,28,6,3,26,3,3,1,2,9,0.0
1628,25358.0,73,0,5,0,0,8,2,1,0,3,6,0.0
1629,35544.0,42,5,23,4,1,4,1,2,0,3,7,3.0
1630,36634.0,66,9,76,4,3,30,3,5,2,5,7,3.0
1631,62670.0,66,30,92,80,46,38,1,5,3,13,3,1.0
1632,50334.0,48,16,160,84,16,134,6,7,4,6,6,2.0
1633,72066.0,39,34,536,134,51,34,1,4,6,6,2,2.0
1634,50729.0,62,13,143,45,4,52,9,6,2,7,6,2.0
1635,34916.0,52,23,82,33,0,42,4,5,1,3,9,3.0
1636,64892.0,44,24,230,32,24,65,2,6,4,12,4,2.0
1637,43602.0,54,5,12,10,3,19,3,3,1,2,6,1.0
1639,41473.0,35,8,20,15,3,9,1,2,0,3,7,1.0
1640,63246.0,53,30,91,29,22,7,1,6,3,12,4,1.0
1641,36732.0,61,5,3,10,1,7,3,1,1,4,2,3.0
1644,37929.0,35,2,46,3,2,10,2,4,2,5,7,2.0
1645,86610.0,69,107,768,33,196,53,1,5,6,6,2,0.0
1646,80141.0,34,102,673,52,40,40,1,7,4,10,6,2.0
1648,69016.0,50,53,363,123,107,161,4,8,9,13,5,3.0
1649,20193.0,29,8,22,24,11,9,1,1,1,4,4,3.0
1650,27573.0,45,15,110,39,15,15,4,5,1,4,8,0.0
1651,15862.0,41,1,4,11,9,10,1,1,0,3,8,3.0
1652,49544.0,44,0,73,0,0,23,2,5,1,8,7,2.0
1653,33228.0,40,2,31,7,4,5,1,2,0,3,7,0.0
1654,70440.0,42,117,499,76,102,88,1,5,10,7,3,2.0
1655,38232.0,49,5,28,7,6,33,4,3,1,3,5,2.0
1656,22554.0,65,0,10,0,0,4,4,2,0,4,5,1.0
1657,23536.0,37,0,3,0,0,1,1,0,0,3,3,0.0
1658,49413.0,68,7,41,3,2,46,2,4,2,5,5,1.0
1659,42231.0,51,0,8,0,1,4,1,1,0,3,5,0.0
1660,78789.0,40,50,850,21,83,83,1,4,6,5,2,2.0
1661,56534.0,52,7,61,10,0,46,4,10,4,7,8,0.0
1662,58350.0,49,26,206,116,80,80,4,8,3,12,6,3.0
1664,49090.0,69,5,82,7,0,100,3,7,2,9,7,3.0
1665,61787.0,33,73,414,78,48,85,1,8,4,6,5,3.0
1666,18169.0,35,0,5,0,0,7,1,1,0,2,8,0.0
1667,24336.0,39,6,2,8,2,12,1,1,0,2,7,0.0
1668,18222.0,30,4,19,12,6,14,1,2,0,3,8,1.0
1669,62335.0,68,131,217,85,6,26,2,3,3,13,2,1.0
1670,42033.0,49,1,4,2,0,7,1,1,0,2,7,0.0
1671,86580.0,37,21,127,26,20,20,0,4,2,5,1,3.0
1672,41437.0,63,0,2,0,0,1,1,1,0,3,7,3.0
1673,73705.0,69,91,520,258,107,107,2,9,6,8,5,2.0
1674,61064.0,44,126,342,0,45,180,5,8,4,11,6,2.0
1676,18358.0,31,8,19,16,4,4,3,3,0,4,7,2.0
1677,55012.0,47,0,65,0,0,13,6,8,2,9,5,0.0
1678,9722.0,47,17,16,6,16,42,4,3,1,3,8,2.0
1679,38175.0,36,6,69,2,3,3,3,3,1,4,7,1.0
1680,58656.0,64,12,194,16,24,12,4,7,8,13,6,2.0
1681,52117.0,55,10,107,30,0,20,2,5,2,4,7,0.0
1682,64813.0,42,0,124,179,97,52,1,7,2,10,5,2.0
1683,54222.0,47,12,31,3,12,7,1,3,3,5,3,0.0
1684,83512.0,34,61,835,80,20,101,1,4,7,10,1,1.0
1685,77520.0,61,44,396,0,88,58,1,8,7,7,4,3.0
1686,41154.0,42,2,11,2,3,7,1,1,0,4,5,0.0
1687,80398.0,54,51,936,207,35,26,1,5,8,12,3,0.0
1688,18746.0,28,10,11,12,9,20,2,3,0,3,6,0.0
1689,35196.0,36,12,141,43,39,187,6,6,1,5,8,2.0
1690,60230.0,64,20,367,39,81,40,2,6,3,6,5,2.0
1691,22108.0,43,3,9,6,2,6,2,2,0,3,7,1.0
1692,44392.0,46,5,71,7,12,29,5,4,1,4,7,1.0
1693,55424.0,44,61,184,10,53,107,4,7,5,9,6,0.0
1694,17688.0,41,2,1,3,1,2,1,1,0,2,8,2.0
1695,92491.0,37,44,935,29,25,22,1,7,5,12,3,1.0
1696,90273.0,29,129,853,120,74,111,1,5,6,7,2,0.0
1697,82571.0,58,31,558,62,95,79,0,6,5,13,2,0.0
1698,38513.0,38,3,115,16,0,18,5,6,1,5,8,3.0
1699,16653.0,41,7,31,15,4,7,3,2,1,3,6,1.0
1701,23529.0,55,7,13,3,2,20,1,1,1,2,6,0.0
1703,71107.0,69,10,217,198,174,195,2,7,6,13,4,0.0
1704,46910.0,56,0,14,0,0,6,2,2,0,3,6,1.0
1706,37244.0,65,2,10,0,0,25,1,1,1,2,7,0.0
1707,82427.0,54,147,509,104,107,107,1,3,5,12,1,2.0
1708,75342.0,62,97,97,21,118,26,1,5,2,10,4,1.0
1709,70044.0,66,0,250,153,14,14,4,7,10,5,5,1.0
1711,77437.0,57,21,442,29,44,29,1,4,5,13,1,3.0
1712,54984.0,61,13,131,32,3,6,4,6,1,6,7,3.0
1713,42403.0,49,1,11,0,5,3,1,1,0,3,8,3.0
1714,55761.0,56,1,12,0,3,32,2,4,1,3,6,2.0
1715,37292.0,37,0,86,10,23,66,5,6,3,5,8,1.0
1716,45576.0,75,19,29,2,14,25,1,3,1,3,8,1.0
1717,70321.0,73,23,751,82,26,191,1,6,5,13,4,3.0
1718,58086.0,51,7,62,0,0,15,2,11,3,7,8,0.0
1719,81795.0,68,132,693,27,118,88,1,4,11,7,2,2.0
1720,28389.0,73,5,3,7,4,8,1,1,0,2,7,3.0
1722,69901.0,51,21,206,102,92,149,3,7,3,10,5,1.0
1723,80360.0,71,86,454,112,43,43,2,4,4,5,2,0.0
1724,63342.0,59,21,118,13,10,21,3,8,3,5,6,1.0
1726,31859.0,40,4,7,15,8,11,1,1,0,3,7,1.0
1727,51569.0,71,0,47,6,0,34,4,7,1,7,8,1.0
1729,16014.0,41,9,4,7,8,7,4,1,1,4,3,3.0
1730,41120.0,52,2,23,0,8,24,3,2,1,3,6,1.0
1731,39763.0,49,1,60,4,6,16,2,5,1,2,9,3.0
1732,38725.0,65,0,6,2,1,5,2,1,0,4,4,1.0
1733,77981.0,48,120,204,16,126,60,3,7,4,7,5,0.0
1734,62905.0,56,75,96,119,107,59,3,7,2,8,4,1.0
1735,13533.0,41,3,8,8,0,17,2,2,0,3,7,2.0
1736,59481.0,45,3,85,71,66,58,2,3,3,8,2,0.0
1737,72117.0,43,20,171,65,60,50,1,9,7,9,5,0.0
1738,21955.0,34,1,7,17,14,11,2,2,1,3,6,0.0
1739,67131.0,64,71,250,93,35,62,3,9,2,12,6,0.0
1740,36802.0,40,1,2,0,0,1,1,1,0,3,5,2.0
1743,47808.0,45,1,26,2,0,72,2,3,2,3,7,1.0
1747,85431.0,68,53,462,168,53,53,1,2,7,7,0,0.0
1748,42664.0,53,0,3,0,0,0,1,1,0,3,6,2.0
1751,28973.0,43,0,46,3,2,12,2,5,1,5,8,2.0
1752,39435.0,47,0,18,0,0,13,1,3,1,2,7,0.0
1753,65370.0,36,22,112,138,89,29,1,2,3,13,1,1.0
1754,20194.0,41,4,7,11,10,15,2,2,0,3,6,3.0
1755,42473.0,44,1,21,0,4,25,3,2,1,4,5,2.0
1756,64590.0,52,138,168,36,46,30,1,9,4,10,6,2.0
1757,71232.0,61,17,170,34,26,17,2,11,2,10,7,2.0
1759,46904.0,53,4,56,0,9,31,4,5,1,4,8,3.0
1760,49094.0,47,0,38,11,8,69,5,6,3,6,6,0.0
1761,36075.0,37,0,30,12,1,30,1,2,0,4,6,0.0
1762,60839.0,41,21,128,223,150,128,13,2,2,12,8,3.0
1766,82122.0,58,22,350,151,25,100,1,3,9,13,1,0.0
1768,34074.0,68,1,41,10,1,67,5,3,3,3,6,0.0
1769,28520.0,60,0,10,0,2,20,1,1,1,2,6,0.0
1770,62535.0,65,48,90,0,45,52,1,3,2,8,3,1.0
1771,36273.0,43,3,30,3,2,9,2,3,0,3,6,3.0
1772,63404.0,56,26,70,11,44,17,2,6,3,4,4,0.0
1774,78416.0,44,38,279,188,38,183,2,7,7,10,3,0.0
1775,75702.0,46,0,629,145,37,37,1,10,5,13,6,2.0
1776,59385.0,69,0,10,0,4,36,2,3,1,4,5,2.0
1778,44689.0,69,0,5,0,0,11,2,1,1,2,7,2.0
1780,7144.0,54,4,33,5,2,291,0,23,1,1,0,1.0
1782,90369.0,64,51,981,224,23,17,1,4,6,6,1,0.0
1783,63159.0,46,34,586,89,86,37,1,3,5,8,3,1.0
1785,46757.0,57,30,163,0,51,122,6,4,4,7,9,0.0
1786,79734.0,51,8,232,23,62,17,1,4,3,6,1,1.0
1787,63207.0,28,169,565,91,169,70,1,2,3,6,7,2.0
1789,21840.0,37,0,9,0,0,1,1,1,0,3,9,1.0
1790,58582.0,38,35,106,101,77,42,2,9,2,9,5,2.0
1791,72282.0,69,27,419,90,139,153,1,5,7,9,7,1.0
1792,50387.0,64,9,87,12,14,34,3,6,2,8,5,1.0
1793,32583.0,59,0,3,0,0,1,1,1,0,2,7,0.0
1794,62568.0,58,17,398,80,35,61,3,5,3,5,4,2.0
1795,44635.0,49,0,9,0,0,3,2,2,0,3,7,3.0
1797,63967.0,52,84,141,73,35,162,3,4,4,12,2,3.0
1798,52513.0,42,17,241,104,188,232,2,9,5,9,7,2.0
1800,54111.0,55,6,54,8,3,50,2,5,2,6,5,1.0
1801,78394.0,34,27,697,216,24,166,1,4,6,5,2,1.0
1802,80739.0,62,92,736,39,0,92,1,3,11,9,1,2.0
1803,22669.0,45,14,36,37,22,48,3,4,1,2,9,3.0
1804,29236.0,33,4,24,16,9,9,2,4,0,3,9,1.0
1805,44911.0,61,0,22,2,1,31,3,4,1,4,7,0.0
1806,54693.0,58,17,142,23,26,35,8,6,4,13,6,3.0
1807,48186.0,46,3,66,12,7,34,3,4,1,4,7,1.0
1808,54809.0,43,6,57,13,13,22,4,2,1,5,4,1.0
1809,41580.0,42,5,24,4,0,3,3,2,1,3,5,3.0
1810,80336.0,50,19,456,160,142,66,1,2,9,13,1,0.0
1811,47743.0,63,2,43,0,12,20,3,4,1,6,6,2.0
1812,62972.0,65,15,47,20,0,192,2,7,4,3,6,2.0
1813,57333.0,66,14,397,76,58,176,11,8,5,9,6,0.0
1814,32313.0,38,4,56,2,4,7,3,4,0,4,9,3.0
1815,84953.0,67,48,602,63,72,72,1,3,10,4,2,2.0
1816,27071.0,52,3,19,0,2,3,2,2,0,3,6,1.0
1817,68148.0,63,66,408,37,57,85,1,4,4,6,2,0.0
1818,65735.0,55,7,119,4,15,11,5,6,2,6,7,2.0
1819,86836.0,45,21,273,0,21,63,1,6,10,6,5,0.0
1820,4023.0,57,0,1,1,1,1,15,0,0,0,19,3.0
1821,30093.0,30,6,28,13,4,16,1,2,0,3,7,0.0
1822,57705.0,54,0,53,6,4,40,3,8,1,6,6,0.0
1823,25008.0,32,8,8,6,1,9,2,1,0,3,8,1.0
1824,83257.0,25,27,590,38,107,67,1,5,10,12,6,0.0
1825,22280.0,45,1,4,3,1,2,1,1,0,2,8,1.0
1826,72159.0,42,53,899,34,40,53,1,4,6,10,2,3.0
1827,64260.0,59,169,816,20,0,30,1,4,5,4,3,0.0
1828,82733.0,36,50,420,65,38,38,1,8,4,7,4,0.0
1829,74290.0,49,0,72,0,12,12,4,10,8,10,6,2.0
1830,58217.0,69,1,13,3,5,13,1,2,0,4,6,3.0
1831,21024.0,44,4,18,6,2,18,1,2,0,4,7,0.0
1832,70116.0,48,44,603,95,58,29,1,2,8,12,1,2.0
1833,54006.0,35,77,203,6,24,97,2,8,1,7,7,2.0
1834,69063.0,54,35,124,69,8,26,1,5,3,5,3,2.0
1835,11448.0,45,0,0,6,2,6,1,1,0,2,6,3.0
1837,70886.0,49,70,239,103,88,53,1,5,4,4,2,0.0
1839,60208.0,47,23,71,15,0,59,11,8,3,7,7,2.0
1840,32889.0,52,0,13,4,2,8,3,2,1,3,5,2.0
1841,34738.0,36,2,10,3,0,2,1,1,0,3,6,1.0
1842,30538.0,49,0,52,8,3,20,4,9,0,4,10,2.0
1843,82326.0,43,142,754,159,81,183,1,5,10,6,2,
1844,26642.0,53,2,15,2,2,8,2,2,0,3,6,
1845,69932.0,56,172,153,150,105,57,2,7,6,11,4,
1846,44503.0,48,1,8,0,0,8,2,2,0,3,6,
1847,60200.0,72,19,132,0,6,26,6,6,2,11,6,
1848,49638.0,68,10,3,3,5,0,1,1,0,3,2,
1849,23830.0,33,8,6,4,8,16,1,1,0,3,7,
1850,33051.0,61,71,243,108,94,219,3,9,1,8,9,
1851,72905.0,62,114,445,181,165,203,1,3,7,9,1,
1852,69702.0,69,9,240,50,19,57,2,7,7,10,4,
1853,70300.0,45,61,338,60,46,46,3,5,5,13,8,
1854,70643.0,36,107,304,23,143,33,1,5,8,4,6,
1855,30396.0,51,0,6,0,1,12,2,1,1,2,7,
1856,50616.0,52,0,16,0,1,4,2,4,0,4,7,
1857,62772.0,51,49,157,43,8,108,1,5,6,11,2,
1858,30298.0,35,3,12,6,1,0,1,1,1,3,3,
1859,52413.0,36,8,133,56,56,12,2,7,1,7,7,
1860,44155.0,63,1,9,0,0,14,1,1,1,2,4,
1861,86979.0,49,100,835,65,83,35,1,5,5,5,2,
1862,76532.0,45,30,177,90,138,30,4,9,5,7,5,
1863,42081.0,38,10,110,54,6,27,2,6,3,4,6,
1865,88420.0,31,153,612,99,95,153,1,4,7,8,1,
1866,31158.0,35,6,16,20,0,5,2,2,0,3,8,
1867,61671.0,52,7,56,0,0,28,8,10,4,6,8,
1868,69719.0,46,86,208,177,14,43,1,2,3,5,1,
1869,49160.0,71,21,43,25,10,15,2,3,1,6,6,
1871,90933.0,66,31,430,62,63,79,1,4,6,4,1,
1872,113734.0,75,2,3,1,262,3,0,27,0,0,1,
1875,22148.0,37,5,14,0,4,11,1,1,0,3,7,
1876,73395.0,33,7,80,20,7,11,1,4,4,6,2,
1877,29819.0,49,1,24,2,1,2,3,3,0,3,6,
1878,45688.0,52,0,18,0,0,9,2,3,1,8,4,
1880,60491.0,49,47,237,12,19,76,4,6,11,7,5,
1881,33235.0,34,0,16,2,1,6,1,3,0,3,7,
1882,35701.0,61,1,9,7,3,5,1,1,0,3,6,
1883,31535.0,40,4,13,0,0,19,1,1,1,2,7,
1884,92556.0,60,183,352,184,23,28,0,3,5,13,0,
1885,67384.0,50,40,175,158,53,107,2,7,8,5,5,
1887,77870.0,53,50,500,65,50,133,3,5,5,5,8,
1888,52278.0,57,0,71,0,0,174,6,10,5,10,8,
1889,57107.0,52,0,120,0,0,137,7,4,4,8,8,
1891,36038.0,39,0,15,0,2,7,2,3,0,3,6,
1893,34230.0,55,0,4,0,0,2,1,1,0,2,7,
1894,31878.0,43,4,5,10,5,23,1,1,0,4,3,
1895,70932.0,48,193,100,46,185,185,2,6,2,12,3,
1896,91249.0,64,27,119,71,108,27,0,7,9,6,4,
1897,77598.0,77,33,281,129,66,33,1,7,5,13,3,
1898,80982.0,61,137,401,104,22,22,3,11,5,11,5,
1899,22701.0,43,4,9,0,4,5,1,1,0,3,5,
1901,70617.0,50,61,753,40,46,27,1,3,3,7,2,
1902,64849.0,63,48,350,94,84,108,1,9,3,6,5,
1903,62694.0,55,6,157,25,91,91,5,9,3,7,7,
1904,61917.0,46,4,36,2,2,1,1,2,0,4,5,
1905,67472.0,73,31,127,8,17,69,2,4,2,7,3,
1906,21059.0,38,3,19,3,3,8,3,3,0,3,6,
1907,29543.0,52,3,18,3,4,18,2,3,1,2,7,
1908,75903.0,69,108,185,130,38,100,2,6,6,9,3,
1909,34984.0,45,4,15,3,5,3,2,1,0,3,7,
1910,54998.0,64,22,202,39,30,8,5,4,2,9,4,
1911,54356.0,71,15,30,20,0,0,3,11,2,8,8,
1912,34242.0,61,2,4,0,0,1,1,0,0,3,5,
1913,25410.0,47,2,4,13,13,4,1,1,0,4,4,
1914,73356.0,36,14,322,0,14,112,1,5,11,5,2,
1915,28320.0,70,1,14,3,2,4,1,1,0,3,8,
1916,23763.0,43,0,6,6,2,6,1,1,0,3,7,
1917,72570.0,36,83,216,151,141,224,1,4,6,12,1,
1918,34529.0,44,6,38,3,6,41,2,2,2,3,7,
1919,70792.0,69,45,654,104,11,114,2,3,4,10,3,
1920,63211.0,38,193,459,205,26,145,2,3,8,7,2,
1921,83891.0,46,38,350,111,85,15,1,4,7,10,1,
1922,36065.0,52,7,34,10,2,3,3,3,0,3,8,
1924,51141.0,80,0,7,0,0,6,1,3,1,4,5,
1925,56939.0,44,34,103,90,29,49,2,3,3,10,3,
1926,80872.0,69,72,567,94,12,108,1,4,4,10,1,
1927,72335.0,44,105,653,28,21,0,1,10,4,8,8,
1928,61798.0,56,4,89,11,8,13,1,4,2,9,4,
1929,76842.0,70,10,345,84,54,32,1,1,8,7,0,
1930,29478.0,44,0,7,3,1,1,1,1,0,3,6,
1931,46998.0,64,41,86,45,6,27,5,5,3,5,7,
1932,96843.0,30,71,951,40,17,17,1,6,11,10,2,
1934,70053.0,55,53,98,81,179,89,3,8,5,10,5,
1935,71670.0,58,16,128,0,0,160,1,5,3,6,6,
1936,44359.0,42,0,14,7,3,1,3,2,0,4,3,
1937,40887.0,68,4,44,10,10,43,3,3,1,3,9,
1938,48877.0,54,1,15,2,0,24,1,3,0,4,7,
1939,74485.0,73,149,815,173,49,49,1,6,7,12,3,
1940,64474.0,48,35,172,56,86,93,2,8,2,10,5,
1941,77226.0,57,43,239,128,76,21,2,6,8,12,3,
1942,72643.0,71,80,553,123,94,53,1,3,10,7,2,
1943,85738.0,42,26,376,17,26,13,1,3,6,11,1,
1944,55686.0,54,0,199,37,47,26,2,6,3,5,4,
1945,39062.0,37,0,9,0,0,12,1,1,0,3,4,
1947,40794.0,45,23,73,4,23,50,2,6,3,5,7,
1949,4428.0,51,4,12,2,4,321,0,25,0,0,1,
1950,32632.0,57,151,137,153,19,53,2,4,4,8,5,
1951,38236.0,52,0,18,2,0,10,4,3,0,4,7,
1952,36781.0,41,1,17,0,3,13,1,2,1,2,8,
1953,31385.0,36,2,12,0,1,9,1,1,0,2,8,
1954,24570.0,36,34,62,11,14,44,3,4,0,4,9,
1956,94642.0,69,143,797,106,143,143,0,5,7,9,1,
1958,53201.0,45,7,81,20,0,27,8,6,3,5,7,
1960,57113.0,42,4,33,0,2,42,6,4,1,5,7,
1961,51373.0,29,2,101,64,26,117,1,3,5,3,4,
1962,23477.0,34,15,54,3,8,29,3,3,0,4,8,
1963,58116.0,64,19,130,4,11,51,2,3,3,8,2,
1964,72968.0,57,37,592,145,37,55,1,5,5,8,3,
1965,39791.0,49,15,27,13,13,21,2,3,1,4,7,
1966,91712.0,73,24,746,94,29,48,0,9,7,11,3,
1967,94472.0,62,33,417,108,100,16,1,5,5,5,5,
1968,13672.0,60,2,9,2,1,5,2,1,0,3,8,
1969,96547.0,40,21,125,52,101,62,0,7,6,8,2,
1970,79205.0,45,23,117,179,28,44,1,6,5,4,4,
1971,56559.0,45,22,133,41,31,31,3,4,3,8,4,
1972,32644.0,47,3,141,0,7,23,4,7,1,6,8,
1973,67506.0,40,38,67,33,36,67,1,4,1,6,3,
1974,24206.0,50,2,8,3,2,3,1,1,0,3,6,
1975,28420.0,53,2,5,2,0,0,1,1,0,2,6,
1976,22979.0,50,17,19,20,21,22,3,3,2,2,8,
1977,33279.0,54,3,3,0,0,0,1,0,0,3,3,
1979,30368.0,43,0,13,2,0,2,2,2,0,3,8,
1980,63684.0,50,80,428,208,93,80,3,8,4,8,5,
1981,41638.0,56,0,31,4,0,91,4,5,5,3,8,
1982,68805.0,61,2,49,17,13,20,1,3,1,7,2,
1983,65814.0,54,14,113,10,14,35,3,8,2,10,5,
1984,71964.0,62,51,932,180,34,86,1,5,6,5,3,
1985,39146.0,34,1,33,13,12,12,3,4,0,4,8,
1986,96876.0,43,43,735,40,194,21,1,7,7,9,2,
1987,34445.0,39,122,122,208,129,30,6,11,2,8,9,
1988,68281.0,62,112,417,42,48,41,1,2,9,13,5,
1990,36790.0,37,3,14,15,21,10,1,2,1,2,9,
1991,27943.0,53,1,16,4,1,3,3,2,0,3,8,
1992,22263.0,69,0,2,0,0,2,2,1,0,3,6,
1993,30261.0,48,0,5,0,3,6,1,0,0,3,8,
1994,28587.0,42,4,17,12,10,13,3,2,0,4,6,
1995,43815.0,38,10,29,4,7,15,1,2,0,3,6,
1996,48195.0,64,27,68,52,7,5,6,4,2,5,6,
1997,77027.0,68,57,242,45,0,11,2,8,3,6,4,
1998,71322.0,55,43,226,69,10,204,2,8,5,13,4,
1999,32765.0,41,3,17,7,3,3,2,2,0,4,5,
2001,23272.0,67,3,6,4,2,12,1,1,0,3,4,
2003,7500.0,35,17,17,13,14,34,4,2,1,3,9,
2004,68117.0,73,44,215,0,17,36,2,11,8,4,6,
2005,67225.0,65,35,322,46,7,143,3,7,2,11,5,
2006,17649.0,44,1,23,0,5,1,3,3,0,3,8,
2007,55914.0,45,60,364,119,101,232,4,11,6,8,7,
2008,40059.0,36,29,92,28,10,145,1,6,2,3,8,
2009,60905.0,70,17,76,36,17,38,2,3,3,7,2,
2010,75330.0,43,82,257,93,61,61,4,10,3,12,6,
2011,60689.0,69,90,216,63,6,24,4,4,4,10,3,
2012,38680.0,36,0,36,15,5,12,1,2,0,3,7,
2013,61416.0,38,154,323,201,61,78,1,10,3,10,6,
2014,49767.0,29,47,197,55,42,149,1,5,4,8,4,
2015,83273.0,50,89,650,16,102,102,10,4,6,9,7,
2016,29009.0,39,6,15,10,5,2,2,2,0,3,6,
2017,45057.0,41,0,7,3,0,3,1,2,0,3,5,
2018,37150.0,49,37,64,49,34,116,8,4,3,6,7,
2019,43020.0,50,7,99,4,25,43,3,4,1,4,6,
2020,53154.0,61,0,21,0,1,7,1,3,1,4,4,
2021,65308.0,47,0,264,120,80,34,1,7,8,12,4,
2022,76467.0,50,161,426,210,44,58,2,2,5,5,6,
2023,81044.0,73,26,535,73,98,26,1,5,6,10,1,
2024,32871.0,69,2,12,0,2,5,1,1,0,3,4,
2025,55801.0,45,4,51,6,4,95,6,7,2,6,7,
2026,76320.0,61,35,214,69,53,35,2,6,3,4,2,
2027,36927.0,65,0,16,0,0,4,2,3,0,3,8,
2028,48794.0,67,0,11,3,0,15,1,1,0,3,4,
2029,23478.0,55,6,27,12,17,39,1,3,0,3,8,
2030,71128.0,47,159,447,20,0,31,3,2,10,12,7,
2032,59462.0,70,17,143,0,8,196,2,9,2,12,7,
2035,42554.0,42,1,11,0,0,0,2,2,0,3,4,
2037,67046.0,69,35,133,23,151,107,2,4,5,4,2,
2038,42192.0,72,15,15,17,6,7,1,2,1,3,4,
2039,77610.0,68,33,332,21,33,16,2,4,7,4,7,
2040,31761.0,36,1,20,16,14,28,2,3,0,4,5,
2041,34350.0,41,3,15,2,1,11,1,1,0,3,7,
2042,54591.0,71,4,94,12,9,24,3,6,2,8,5,
2043,71866.0,64,178,178,103,39,33,1,6,3,10,3,
2046,69520.0,37,120,414,121,80,93,1,9,6,5,5,
2047,64713.0,50,60,241,13,54,54,2,5,5,7,4,
2048,27889.0,43,0,4,0,0,8,1,1,1,2,6,
2049,22123.0,60,3,24,34,7,31,1,2,1,3,5,
2050,27803.0,47,26,46,38,9,49,2,3,0,4,8,
2051,51651.0,60,6,23,13,6,92,4,6,2,5,8,
2054,87000.0,28,25,607,67,17,49,1,4,6,7,2,
2055,79823.0,61,73,380,114,73,43,1,6,9,7,2,
2056,30828.0,40,11,15,2,0,12,2,1,1,4,3,
2057,34109.0,49,1,5,2,1,4,1,0,0,3,4,
2058,53367.0,46,7,140,10,3,11,7,5,1,8,7,
2059,22390.0,51,1,4,15,1,5,1,1,0,2,7,
2060,71322.0,44,24,124,24,15,42,1,4,1,7,2,
2061,79244.0,27,102,125,212,61,245,1,4,10,7,1,
2063,48699.0,70,1,10,2,0,1,1,1,0,3,5,
2064,80144.0,45,132,445,250,192,108,1,3,7,8,1,
2065,54252.0,64,4,26,8,4,44,5,4,1,5,6,
2066,81929.0,44,55,278,49,0,185,2,4,4,10,6,
2067,76068.0,45,12,128,33,12,76,1,2,3,4,6,
2068,53204.0,44,0,8,2,0,6,1,1,0,3,4,
2070,14796.0,36,3,8,7,4,16,2,1,0,3,9,
2071,78128.0,46,24,230,16,24,36,2,8,4,6,3,
2072,14188.0,48,7,11,16,12,27,1,2,0,4,6,
2075,72967.0,50,35,179,0,0,125,2,7,2,8,5,
2076,48150.0,71,2,39,3,2,47,3,5,1,4,7,
2077,82332.0,59,59,968,51,79,19,1,5,3,12,2,
2078,58275.0,65,10,253,56,43,64,6,8,2,7,7,
2079,44953.0,39,17,133,11,8,124,1,7,3,13,6,
2080,34587.0,67,2,9,2,0,2,2,1,0,3,4,
2081,43018.0,46,4,17,7,6,64,1,2,2,2,5,
2082,45736.0,66,3,180,20,3,43,5,7,1,6,7,
2083,66476.0,51,28,152,25,9,57,2,6,8,10,4,
2084,27733.0,39,7,5,26,2,17,2,2,0,3,7,
2085,69805.0,68,71,174,13,10,20,2,6,8,11,2,
2086,72217.0,58,42,450,55,56,154,1,3,10,8,2,
2087,25818.0,49,2,8,2,2,9,1,0,1,2,7,
2088,37509.0,44,5,56,12,8,5,2,3,0,4,7,
2089,25176.0,44,0,4,0,0,5,1,1,0,2,7,
2090,43586.0,40,2,11,4,0,16,3,3,0,4,8,
2091,53230.0,64,72,98,136,21,229,4,5,2,12,5,
2092,50116.0,63,0,10,0,0,2,2,1,0,4,5,
2095,82333.0,34,0,359,46,89,17,1,4,3,10,2,
2096,65220.0,55,63,292,0,25,12,4,8,4,7,6,
2097,33590.0,46,0,2,0,0,2,1,1,0,2,7,
2099,72309.0,44,0,883,50,38,0,1,5,6,8,3,
2100,16005.0,40,3,2,20,30,47,3,2,1,2,8,
2101,65487.0,63,67,500,199,0,163,3,3,5,6,2,
2102,58692.0,55,11,61,4,7,11,1,8,2,4,7,
2105,62637.0,66,12,48,4,12,5,1,2,2,5,2,
2106,29435.0,54,3,37,4,2,64,4,3,2,2,9,
2107,19346.0,46,0,9,3,6,2,1,1,0,3,8,
2108,35788.0,49,2,11,3,1,4,2,2,0,3,6,
2109,36997.0,52,4,12,8,0,27,5,2,1,4,5,
2110,23539.0,63,24,11,16,1,25,1,2,0,4,6,
2111,65333.0,47,7,92,0,15,30,7,9,4,8,6,
2112,78499.0,63,72,170,47,36,97,1,11,3,4,4,
2113,29732.0,49,0,8,0,1,4,1,2,0,2,9,
2114,41275.0,60,4,22,0,2,9,4,3,1,3,5,
2115,63516.0,47,11,114,15,14,5,4,4,1,7,5,
2116,42769.0,58,0,13,3,1,0,2,1,1,4,4,
2117,49572.0,62,1,16,0,1,1,2,2,0,3,7,
2118,69209.0,48,32,849,229,48,128,2,5,3,6,4,
2119,17148.0,44,9,11,13,10,16,4,3,1,3,8,
2122,32146.0,37,3,23,4,7,3,2,2,0,4,6,
2123,41713.0,56,8,44,10,10,25,5,3,1,4,6,
2124,34176.0,45,2,7,4,2,2,1,1,0,3,3,
2125,58482.0,65,7,115,19,7,7,2,7,4,9,6,
2126,59686.0,55,15,89,34,42,5,1,4,1,6,4,
2127,60896.0,56,30,399,60,46,153,3,9,10,4,6,
2128,62994.0,40,12,48,4,12,12,1,6,2,4,6,
2129,47320.0,63,19,111,50,15,19,6,5,1,8,6,
2130,74859.0,71,73,614,133,102,73,1,6,5,11,3,
2131,15253.0,28,3,3,8,1,13,2,1,0,3,7,
2132,31560.0,46,1,20,4,0,7,2,2,1,3,8,
2134,91172.0,30,28,818,0,28,56,0,4,3,7,3,
2135,90000.0,36,144,133,94,192,241,1,4,8,5,1,
2136,41967.0,39,4,10,0,2,15,1,1,0,3,4,
2137,69263.0,55,5,32,13,5,21,1,9,1,7,6,
2138,65706.0,50,10,129,13,0,129,1,11,3,12,7,
2139,60934.0,45,155,155,192,93,54,2,6,4,11,4,
2140,71965.0,69,19,286,50,38,248,3,6,3,5,3,
2141,65210.0,65,0,70,0,7,28,2,9,3,8,6,
2142,79174.0,45,37,518,193,92,129,1,5,6,7,2,
2143,81380.0,53,68,689,224,68,103,1,4,2,10,2,
2144,48432.0,47,3,50,4,3,42,5,7,1,6,8,
2145,52914.0,49,10,44,30,10,227,2,7,3,3,7,
2147,26067.0,46,2,18,0,2,12,3,3,0,3,8,
2148,44325.0,48,0,21,0,0,5,4,8,2,7,8,
2150,26487.0,42,8,10,12,14,23,3,2,1,3,5,
2151,53233.0,63,0,9,3,0,0,1,1,0,3,4,
2152,67716.0,60,142,217,62,9,56,4,7,4,13,5,
2153,76234.0,48,50,167,130,0,41,1,8,3,11,3,
2154,84117.0,64,76,749,59,45,26,1,7,10,6,2,
2155,65487.0,63,67,500,199,0,163,3,3,5,6,2,
2156,25224.0,48,9,12,11,2,8,2,1,1,3,3,
2157,89616.0,37,47,655,145,111,15,1,7,5,12,2,
2158,40851.0,49,1,7,0,4,24,1,1,1,2,7,
2159,27469.0,73,1,2,3,2,0,1,0,0,3,6,
2160,82347.0,63,54,845,202,133,63,1,7,7,10,3,
2161,73803.0,63,80,363,52,26,174,2,9,5,6,6,
2162,8820.0,68,0,13,4,2,4,4,3,0,3,8,
2163,43322.0,46,7,48,10,2,18,1,3,0,4,7,
2164,55593.0,47,8,124,11,4,106,2,6,6,3,6,
2165,50501.0,66,0,38,13,0,152,7,5,4,4,6,
2166,37085.0,45,1,16,2,0,3,4,3,0,3,8,
2167,16185.0,30,11,16,21,8,45,2,2,2,2,8,
2168,57731.0,51,21,300,65,8,44,4,8,8,6,6,
2170,73807.0,42,124,156,71,78,54,2,5,5,11,2,
2172,35893.0,52,0,23,0,0,18,6,3,1,5,8,
2173,61014.0,40,129,495,182,43,29,4,9,3,4,7,
2174,32144.0,66,0,10,0,0,3,4,2,1,3,7,
2175,14918.0,57,3,3,15,4,15,1,1,0,3,6,
2176,45146.0,57,0,5,0,0,15,2,1,1,2,4,
2177,41769.0,65,29,131,32,0,27,6,8,1,7,8,
2178,88325.0,39,71,860,93,27,53,1,6,2,9,2,
2179,38054.0,70,2,17,2,1,0,2,2,0,3,7,
2180,80617.0,25,51,631,72,55,32,1,4,6,8,2,
2181,5305.0,44,4,7,1,3,5,0,1,0,0,13,
2182,36807.0,66,2,5,0,0,5,1,1,0,2,6,
2186,40101.0,35,3,129,26,24,62,4,6,1,6,7,
2187,58025.0,41,31,88,11,48,22,3,3,2,10,4,
2189,7500.0,41,8,11,3,8,21,4,3,2,2,7,
2190,33562.0,57,12,12,0,3,3,3,2,0,4,4,
2191,57642.0,50,6,58,8,0,27,3,7,6,6,4,
2193,63777.0,41,5,106,15,17,53,8,11,1,6,8,
2194,57967.0,58,7,137,4,0,91,5,4,2,8,5,
2195,24434.0,48,2,8,20,0,17,2,2,1,2,7,
2196,11012.0,36,3,26,7,1,23,3,3,1,2,9,
2197,44802.0,50,10,143,13,10,20,2,9,4,12,8,
2198,26816.0,34,1,6,3,4,3,1,0,0,3,4,
2200,61223.0,53,43,182,42,118,247,2,9,3,4,5,
2202,56981.0,39,48,217,32,12,24,1,2,3,13,6,
2203,69245.0,64,30,214,80,30,61,2,6,5,10,3,
2204,52869.0,66,3,61,2,1,21,3,3,1,4,7,
